id;data_inversa;dia_semana;horario;uf;br;km;municipio;causa_acidente;tipo_acidente;classificacao_acidente;fase_dia;sentido_via;condicao_metereologica;tipo_pista;tracado_via;uso_solo;pessoas;veiculos
192889;2007-02-16;Sexta;17:50:00;SP;116;156.1;SAO JOSE DOS CAMPOS;Falta de atenção;Colisão traseira;Sem Vítimas;Pleno dia;Decrescente;Ceu Claro;Múltipla;Reta;Urbano;3;3
192921;2007-02-16;Sexta;16:36:00;SP;116;142.7;SAO JOSE DOS CAMPOS;Outras;Colisão traseira;Sem Vítimas;Pleno dia;Decrescente;Sol;Dupla;Reta;Urbano;2;2
192927;2007-02-16;Sexta;19:40:00;SP;116;146.0;SAO JOSE DOS CAMPOS;Defeito mecânico em veículo;Colisão traseira;Com Vítimas Feridas;Anoitecer;Decrescente;Ignorada;Dupla;Reta;Urbano;3;2
192948;2007-02-16;Sexta;08:00:00;SP;116;141.4;SAO JOSE DOS CAMPOS;Outras;Colisão traseira;Sem Vítimas;Pleno dia;Crescente;Ceu Claro;Dupla;Reta;Urbano;2;2
192951;2007-02-16;Sexta;14:30:00;SP;116;131.5;CACAPAVA;Outras;Colisão traseira;Sem Vítimas;Pleno dia;Crescente;Ceu Claro;Dupla;Reta;Urbano;4;4
192956;2007-02-16;Sexta;16:32:00;SP;116;142.7;SAO JOSE DOS CAMPOS;Outras;Colisão lateral;Sem Vítimas;Pleno dia;Decrescente;Ceu Claro;Dupla;Reta;Urbano;2;2
193058;2007-02-16;Sexta;16:55:00;SP;116;221.0;GUARULHOS;Falta de atenção;Colisão lateral;Com Vítimas Feridas;Pleno dia;Decrescente;Ceu Claro;Múltipla;Reta;Urbano;2;2
193206;2007-02-17;Sábado;11:20:00;SP;116;157.0;SAO JOSE DOS CAMPOS;Não guardar distância de segurança;Colisão traseira;Sem Vítimas;Pleno dia;Decrescente;Ceu Claro;Dupla;Reta;Urbano;3;3
193222;2007-02-17;Sábado;14:20:00;SP;116;206.4;GUARULHOS;Outras;Colisão lateral;Sem Vítimas;Pleno dia;Decrescente;Sol;Dupla;Reta;Urbano;2;2
193249;2007-02-16;Sexta;16:30:00;SP;116;212.0;GUARULHOS;Defeito mecânico em veículo;Colisão com objeto fixo;Sem Vítimas;Pleno dia;Crescente;Ceu Claro;Múltipla;Reta;Urbano;1;1
193308;2007-02-16;Sexta;18:10:00;SP;116;228.5;SAO PAULO;Falta de atenção;Colisão traseira;Sem Vítimas;Anoitecer;Decrescente;Ceu Claro;Múltipla;Reta;Urbano;3;3
193388;2007-02-17;Sábado;11:30:00;SP;116;121.0;CACAPAVA;Falta de atenção;Colisão traseira;Sem Vítimas;Pleno dia;Decrescente;Ceu Claro;Dupla;Reta;Rural;2;2
193443;2007-02-16;Sexta;18:00:00;SP;116;218.0;GUARULHOS;Outras;Colisão lateral;Com Vítimas Feridas;Pleno dia;Crescente;Ceu Claro;Múltipla;Reta;Urbano;2;2
193518;2007-02-17;Sábado;10:00:00;SP;116;117.9;TAUBATE;Outras;Colisão traseira;Sem Vítimas;Pleno dia;Decrescente;Ceu Claro;Dupla;Reta;Rural;2;2
193535;2007-02-17;Sábado;10:45:00;SP;116;118.7;TAUBATE;Falta de atenção;Colisão traseira;Sem Vítimas;Pleno dia;Decrescente;Ceu Claro;Dupla;Reta;Rural;2;2
193546;2007-02-17;Sábado;11:20:00;SP;116;115.5;TAUBATE;Falta de atenção;Colisão lateral;Sem Vítimas;Pleno dia;Decrescente;Ceu Claro;Dupla;Reta;Rural;2;2
193554;2007-02-15;Quinta;23:40:00;SP;116;220.8;GUARULHOS;Falta de atenção;Colisão traseira;Sem Vítimas;Plena noite;Decrescente;Nublado;Múltipla;Reta;Urbano;3;3
193560;2007-02-17;Sábado;12:50:00;SP;116;104.7;TAUBATE;Outras;Derramamento de Carga;Sem Vítimas;Pleno dia;Crescente;Ceu Claro;Dupla;Reta;Rural;1;1
193572;2007-02-18;Domingo;00:14:00;SP;116;145.8;SAO JOSE DOS CAMPOS;Dormindo;Capotamento;Com Vítimas Feridas;Plena noite;Decrescente;Ceu Claro;Dupla;Reta;Urbano;6;1
193588;2007-02-17;Sábado;22:30:00;SP;116;125.2;CACAPAVA;Outras;Colisão traseira;Sem Vítimas;Plena noite;Crescente;Ceu Claro;Dupla;Reta;Rural;2;2
193635;2007-02-16;Sexta;16:35:00;SP;116;111.0;TAUBATE;Falta de atenção;Colisão traseira;Sem Vítimas;Pleno dia;Decrescente;Sol;Simples;Curva;Urbano;2;2
193652;2007-02-16;Sexta;18:57:00;SP;116;112.0;TAUBATE;Não guardar distância de segurança;Colisão traseira;Sem Vítimas;Pleno dia;Decrescente;Sol;Dupla;Reta;Urbano;4;4
193666;2007-02-16;Sexta;19:45:00;SP;116;111.0;TAUBATE;Outras;Colisão lateral;Sem Vítimas;Plena noite;Decrescente;Ceu Claro;Dupla;Reta;Urbano;2;2
193763;2007-02-18;Domingo;06:39:00;SP;116;121.9;CACAPAVA;Falta de atenção;Colisão com objeto fixo;Com Vítimas Feridas;Amanhecer;Crescente;Sol;Dupla;Reta;Urbano;3;1
193768;2007-02-18;Domingo;06:30:00;SP;116;218.5;GUARULHOS;Outras;Queda de motocicleta / bicicleta / veículo;Com Vítimas Feridas;Amanhecer;Crescente;Ceu Claro;Simples;Curva;Urbano;1;1
193773;2007-02-17;Sábado;17:30:00;SP;116;226.0;GUARULHOS;Outras;Queda de motocicleta / bicicleta / veículo;Com Vítimas Feridas;Pleno dia;Decrescente;Ceu Claro;Múltipla;Reta;Urbano;1;1
193809;2007-02-16;Sexta;16:00:00;SP;116;228.5;SAO PAULO;Defeito mecânico em veículo;Colisão com objeto fixo;Sem Vítimas;Pleno dia;Crescente;Ceu Claro;Dupla;Reta;Urbano;1;1
193919;2007-02-19;Segunda;00:15:00;SP;116;153.0;SAO JOSE DOS CAMPOS;Outras;Capotamento;Sem Vítimas;Plena noite;Decrescente;Ceu Claro;Dupla;Reta;Urbano;2;2
194016;2007-02-16;Sexta;06:55:00;SP;116;217.0;GUARULHOS;Falta de atenção;Colisão traseira;Sem Vítimas;Amanhecer;Crescente;Nublado;Múltipla;Reta;Urbano;2;2
194066;2007-02-18;Domingo;15:00:00;SP;116;195.0;ARUJA;Outras;Capotamento;Com Vítimas Feridas;Pleno dia;Decrescente;Ceu Claro;Dupla;Reta;Rural;2;1
194136;2007-02-15;Quinta;23:30:00;SP;116;219.0;GUARULHOS;Falta de atenção;Colisão traseira;Sem Vítimas;Plena noite;Decrescente;Ceu Claro;Múltipla;Reta;Urbano;3;3
194160;2007-02-17;Sábado;05:15:00;SP;116;227.8;SAO PAULO;Velocidade incompatível;Colisão lateral;Com Vítimas Feridas;Amanhecer;Crescente;Nublado;Múltipla;Reta;Urbano;2;1
194214;2007-02-18;Domingo;17:00:00;SP;116;186.5;SANTA ISABEL;Outras;Capotamento;Com Vítimas Feridas;Pleno dia;Decrescente;Chuva;Dupla;Reta;Rural;2;1
194237;2007-02-17;Sábado;07:20:00;SP;116;188.0;SANTA ISABEL;Outras;Saída de Pista;Com Vítimas Feridas;Pleno dia;Decrescente;Ceu Claro;Dupla;Reta;Rural;1;1
194284;2007-02-20;Terça;01:30:00;SP;116;157.0;SAO JOSE DOS CAMPOS;Outras;Colisão com objeto fixo;Sem Vítimas;Plena noite;Decrescente;Chuva;Simples;Reta;Urbano;3;3
194296;2007-02-17;Sábado;11:50:00;SP;116;227.8;SAO PAULO;Outras;Colisão traseira;Sem Vítimas;Pleno dia;Decrescente;Ceu Claro;Múltipla;Reta;Rural;2;2
194309;2007-02-20;Terça;01:00:00;SP;116;177.4;GUARAREMA;Outras;Colisão com objeto fixo;Sem Vítimas;Plena noite;Crescente;Chuva;Dupla;Reta;Rural;1;1
194335;2007-02-17;Sábado;07:20:00;SP;116;117.5;TAUBATE;Falta de atenção;Colisão traseira;Sem Vítimas;Pleno dia;Decrescente;Ceu Claro;Dupla;Reta;Rural;3;3
194405;2007-02-19;Segunda;15:12:00;SP;116;191.5;SANTA ISABEL;Outras;Colisão lateral;Sem Vítimas;Pleno dia;Decrescente;Ceu Claro;Dupla;Reta;Urbano;2;2
194571;2007-02-20;Terça;01:40:00;SP;116;143.8;SAO JOSE DOS CAMPOS;Outras;Tombamento;Sem Vítimas;Plena noite;Crescente;Chuva;Dupla;Reta;Urbano;1;1
194585;2007-02-18;Domingo;16:45:00;SP;116;196.0;ARUJA;Não guardar distância de segurança;Colisão traseira;Sem Vítimas;Pleno dia;Crescente;Chuva;Dupla;Reta;Urbano;2;2
194637;2007-02-16;Sexta;19:30:00;SP;116;223.0;GUARULHOS;Outras;Colisão traseira;Sem Vítimas;Plena noite;Decrescente;Ceu Claro;Múltipla;Reta;Urbano;4;4
194647;2007-02-18;Domingo;19:00:00;SP;116;225.0;GUARULHOS;Falta de atenção;Colisão traseira;Sem Vítimas;Pleno dia;Crescente;Ceu Claro;Múltipla;Reta;Urbano;2;2
194681;2007-02-20;Terça;22:30:00;SP;116;228.0;SAO PAULO;Não guardar distância de segurança;Colisão lateral;Sem Vítimas;Plena noite;Crescente;Ceu Claro;Múltipla;Reta;Urbano;2;2
194758;2007-02-21;Quarta;07:15:00;SP;116;172.0;GUARAREMA;Dormindo;Colisão lateral;Sem Vítimas;Amanhecer;Crescente;Ceu Claro;Dupla;Curva;Rural;2;2
194773;2007-02-20;Terça;19:05:00;SP;116;177.0;GUARAREMA;Velocidade incompatível;Saída de Pista;Sem Vítimas;Plena noite;Decrescente;Chuva;Dupla;Reta;Rural;1;1
194782;2007-02-20;Terça;12:35:00;SP;116;211.0;GUARULHOS;Falta de atenção;Colisão traseira;Com Vítimas Feridas;Pleno dia;Decrescente;Ceu Claro;Múltipla;Reta;Urbano;5;2
194815;2007-02-18;Domingo;13:00:00;SP;116;210.0;GUARULHOS;Defeito mecânico em veículo;Colisão traseira;Sem Vítimas;Pleno dia;Decrescente;Ceu Claro;Múltipla;Reta;Urbano;2;2
194819;2007-02-20;Terça;10:50:00;SP;116;102.9;PINDAMONHANGABA;Falta de atenção;Colisão com objeto fixo;Sem Vítimas;Pleno dia;Crescente;Sol;Dupla;Reta;Rural;1;1
194835;2007-02-21;Quarta;10:20:00;SP;116;210.0;GUARULHOS;Outras;Colisão lateral;Sem Vítimas;Pleno dia;Decrescente;Ceu Claro;Múltipla;Curva;Urbano;2;2
194924;2007-01-30;Terça;13:30:00;SP;116;110.5;TAUBATE;Outras;Danos Eventuais;Sem Vítimas;Pleno dia;Decrescente;Nublado;Dupla;Reta;Urbano;1;1
194948;2007-02-19;Segunda;12:30:00;SP;116;226.9;GUARULHOS;Outras;Colisão traseira;Com Vítimas Feridas;Pleno dia;Decrescente;Sol;Múltipla;Reta;Urbano;3;2
195022;2007-02-20;Terça;17:30:00;SP;116;216.6;GUARULHOS;Defeito mecânico em veículo;Colisão com objeto fixo;Com Vítimas Feridas;Pleno dia;Decrescente;Ceu Claro;Múltipla;Reta;Urbano;2;1
195085;2007-02-16;Sexta;22:15:00;SP;116;176.0;GUARAREMA;Outras;Colisão traseira;Sem Vítimas;Plena noite;Decrescente;Ceu Claro;Dupla;Reta;Urbano;2;2
195111;2007-02-20;Terça;23:30:00;SP;116;187.5;SANTA ISABEL;Outras;Colisão com objeto fixo;Com Vítimas Feridas;Plena noite;Decrescente;Chuva;Dupla;Reta;Rural;1;1
195133;2007-02-21;Quarta;10:00:00;SP;116;154.0;SAO JOSE DOS CAMPOS;Defeito mecânico em veículo;Colisão traseira;Sem Vítimas;Pleno dia;Crescente;Ceu Claro;Dupla;Reta;Urbano;2;2
195289;2007-02-21;Quarta;11:25:00;SP;116;212.6;GUARULHOS;Falta de atenção;Colisão com objeto fixo;Com Vítimas Feridas;Pleno dia;Crescente;Ceu Claro;Múltipla;Reta;Urbano;3;1
195369;2007-01-19;Sexta;18:02:00;SP;116;217.1;GUARULHOS;Não guardar distância de segurança;Colisão traseira;Sem Vítimas;Pleno dia;Decrescente;Sol;Múltipla;Reta;Urbano;2;2
195433;2007-02-22;Quinta;14:45:00;SP;116;165.5;JACAREI;Outras;Colisão traseira;Sem Vítimas;Pleno dia;Crescente;Sol;Dupla;Reta;Rural;2;2
195670;2007-02-22;Quinta;10:00:00;SP;116;229.0;SAO PAULO;Falta de atenção;Colisão traseira;Sem Vítimas;Pleno dia;Decrescente;Ceu Claro;Múltipla;Reta;Urbano;2;2
195736;2007-02-20;Terça;19:42:00;SP;116;179.0;GUARAREMA;Outras;Colisão com objeto fixo;Sem Vítimas;Plena noite;Crescente;Ceu Claro;Dupla;Reta;Urbano;1;1
195909;2007-02-22;Quinta;07:55:00;SP;116;218.0;GUARULHOS;Outras;Colisão lateral;Com Vítimas Feridas;Pleno dia;Decrescente;Sol;Múltipla;Reta;Urbano;2;2
196000;2007-02-23;Sexta;15:00:00;SP;116;165.0;JACAREI;Outras;Colisão traseira;Sem Vítimas;Pleno dia;Decrescente;Ceu Claro;Múltipla;Reta;Rural;2;2
196048;2007-02-24;Sábado;05:30:00;SP;116;213.3;GUARULHOS;Falta de atenção;Colisão traseira;Sem Vítimas;Plena noite;Crescente;Nublado;Múltipla;Reta;Urbano;1;1
196051;2007-02-24;Sábado;05:30:00;SP;116;213.3;GUARULHOS;Falta de atenção;Colisão com objeto fixo;Sem Vítimas;Plena noite;Crescente;Nublado;Múltipla;Reta;Urbano;2;1
196212;2007-02-24;Sábado;10:00:00;SP;116;212.5;GUARULHOS;Outras;Colisão traseira;Com Vítimas Feridas;Pleno dia;Decrescente;Sol;Múltipla;Reta;Urbano;7;4
196233;2007-02-24;Sábado;00:05:00;SP;116;143.5;SAO JOSE DOS CAMPOS;Outras;Colisão traseira;Sem Vítimas;Plena noite;Crescente;Ceu Claro;Dupla;Reta;Urbano;3;3
196234;2007-02-21;Quarta;08:40:00;SP;116;222.5;GUARULHOS;Falta de atenção;Colisão lateral;Sem Vítimas;Pleno dia;Decrescente;Ceu Claro;Múltipla;Reta;Urbano;2;2
196256;2007-02-24;Sábado;06:30:00;SP;116;213.5;GUARULHOS;Outras;Colisão lateral;Sem Vítimas;Pleno dia;Decrescente;Ceu Claro;Múltipla;Reta;Urbano;2;2
196450;2007-02-25;Domingo;01:30:00;SP;116;217.0;GUARULHOS;Falta de atenção;Queda de motocicleta / bicicleta / veículo;Com Vítimas Feridas;Plena noite;Crescente;Nublado;Múltipla;Reta;Urbano;1;1
196563;2007-02-23;Sexta;15:00:00;SP;116;220.0;GUARULHOS;Outras;Colisão com objeto fixo;Sem Vítimas;Pleno dia;Crescente;Sol;Múltipla;Reta;Urbano;1;1
196565;2007-02-22;Quinta;10:00:00;SP;116;228.5;SAO PAULO;Falta de atenção;Colisão lateral;Sem Vítimas;Pleno dia;Decrescente;Sol;Múltipla;Reta;Urbano;2;2
196585;2007-02-23;Sexta;10:00:00;SP;116;229.0;SAO PAULO;Outras;Colisão lateral;Sem Vítimas;Pleno dia;Crescente;Sol;Múltipla;Reta;Urbano;2;2
196589;2007-02-25;Domingo;08:10:00;SP;116;167.0;JACAREI;Outras;Colisão com objeto móvel;Sem Vítimas;Pleno dia;Crescente;Ceu Claro;Múltipla;Curva;Urbano;2;2
196609;2007-02-23;Sexta;16:40:00;SP;116;221.4;GUARULHOS;Ultrapassagem indevida;Colisão lateral;Com Vítimas Feridas;Pleno dia;Decrescente;Sol;Múltipla;Reta;Urbano;2;2
196645;2007-02-25;Domingo;17:00:00;SP;116;138.0;SAO JOSE DOS CAMPOS;Outras;Colisão traseira;Sem Vítimas;Pleno dia;Crescente;Sol;Dupla;Reta;Rural;2;2
196674;2007-02-25;Domingo;13:59:00;SP;116;137.6;SAO JOSE DOS CAMPOS;Outras;Colisão com objeto fixo;Com Vítimas Feridas;Pleno dia;Crescente;Ceu Claro;Dupla;Reta;Rural;2;1
196687;2007-02-23;Sexta;22:50:00;SP;116;131.0;CACAPAVA;Outras;Colisão com bicicleta;Com Vítimas Fatais;Plena noite;Decrescente;Ceu Claro;Dupla;Reta;Rural;1;1
196708;2007-02-23;Sexta;18:50:00;SP;116;225.0;GUARULHOS;Falta de atenção;Colisão traseira;Sem Vítimas;Anoitecer;Decrescente;Ceu Claro;Múltipla;Reta;Urbano;3;3
196829;2007-02-24;Sábado;14:20:00;SP;116;212.0;GUARULHOS;Outras;Colisão com bicicleta;Com Vítimas Feridas;Pleno dia;Decrescente;Sol;Múltipla;Reta;Urbano;2;2
196882;2007-02-25;Domingo;16:20:00;SP;116;213.0;GUARULHOS;Outras;Colisão traseira;Sem Vítimas;Pleno dia;Decrescente;Chuva;Múltipla;Reta;Urbano;3;3
196890;2007-02-26;Segunda;08:00:00;SP;116;220.0;GUARULHOS;Falta de atenção;Colisão traseira;Com Vítimas Feridas;Pleno dia;Decrescente;Ceu Claro;Múltipla;Reta;Urbano;2;2
196926;2007-02-25;Domingo;17:00:00;SP;116;204.3;ARUJA;Falta de atenção;Colisão traseira;Sem Vítimas;Pleno dia;Crescente;Chuva;Dupla;Reta;Urbano;2;2
197048;2007-02-26;Segunda;06:45:00;SP;116;214.0;GUARULHOS;Falta de atenção;Colisão traseira;Sem Vítimas;Amanhecer;Crescente;Ceu Claro;Múltipla;Reta;Urbano;1;1
197079;2007-02-24;Sábado;09:15:00;SP;116;228.0;SAO PAULO;Defeito mecânico em veículo;Colisão com objeto fixo;Sem Vítimas;Pleno dia;Crescente;Ceu Claro;Múltipla;Reta;Urbano;1;1
197132;2007-02-27;Terça;04:30:00;SP;116;165.0;JACAREI;Falta de atenção;Colisão traseira;Sem Vítimas;Plena noite;Crescente;Nublado;Múltipla;Reta;Urbano;2;2
197185;2007-02-24;Sábado;23:30:00;SP;116;221.0;GUARULHOS;Falta de atenção;Colisão traseira;Sem Vítimas;Plena noite;Decrescente;Ceu Claro;Múltipla;Reta;Urbano;2;2
197215;2007-02-26;Segunda;18:21:00;SP;116;183.0;GUARAREMA;Falta de atenção;Colisão traseira;Sem Vítimas;Anoitecer;Decrescente;Chuva;Dupla;Reta;Rural;2;2
197233;2007-02-27;Terça;11:00:00;SP;116;219.0;GUARULHOS;Falta de atenção;Derramamento de Carga;Sem Vítimas;Pleno dia;Decrescente;Ceu Claro;Simples;Curva;Urbano;1;1
197251;2007-02-27;Terça;12:10:00;SP;116;221.5;GUARULHOS;Falta de atenção;Colisão traseira;Sem Vítimas;Pleno dia;Decrescente;Ceu Claro;Múltipla;Reta;Urbano;2;2
197415;2007-02-20;Terça;19:15:00;SP;116;203.0;ARUJA;Falta de atenção;Colisão traseira;Sem Vítimas;Anoitecer;Decrescente;Nublado;Dupla;Reta;Urbano;5;5
197463;2007-02-26;Segunda;18:25:00;SP;116;159.1;GUARAREMA;Ultrapassagem indevida;Colisão com objeto móvel;Sem Vítimas;Plena noite;Decrescente;Chuva;Dupla;Reta;Rural;2;2
197469;2007-02-25;Domingo;17:40:00;SP;116;212.8;GUARULHOS;Falta de atenção;Colisão com objeto fixo;Com Vítimas Feridas;Pleno dia;Decrescente;Chuva;Múltipla;Reta;Urbano;1;1
197474;2007-02-24;Sábado;19:05:00;SP;116;216.5;GUARULHOS;Outras;Colisão lateral;Sem Vítimas;Plena noite;Crescente;Ceu Claro;Dupla;Reta;Urbano;2;2
197504;2007-02-25;Domingo;15:30:00;SP;116;214.0;GUARULHOS;Outras;Colisão traseira;Com Vítimas Feridas;Pleno dia;Crescente;Granizo;Múltipla;Reta;Urbano;4;2
197511;2007-02-25;Domingo;17:30:00;SP;116;210.0;GUARULHOS;Falta de atenção;Colisão traseira;Sem Vítimas;Pleno dia;Decrescente;Chuva;Simples;Reta;Urbano;2;2
197514;2007-02-25;Domingo;07:30:00;SP;116;206.0;GUARULHOS;Outras;Colisão com objeto fixo;Sem Vítimas;Pleno dia;Decrescente;Ceu Claro;Dupla;Reta;Urbano;1;1
197541;2007-02-28;Quarta;03:30:00;SP;116;177.0;GUARAREMA;Dormindo;Saída de Pista;Com Vítimas Feridas;Plena noite;Crescente;Ceu Claro;Dupla;Reta;Urbano;1;1
197588;2007-02-27;Terça;10:40:00;SP;116;138.4;SAO JOSE DOS CAMPOS;Defeito mecânico em veículo;Colisão com objeto fixo;Sem Vítimas;Pleno dia;Crescente;Nublado;Dupla;Reta;Rural;1;1
197632;2007-02-27;Terça;18:40:00;SP;116;136.0;SAO JOSE DOS CAMPOS;Defeito mecânico em veículo;Incêndio;Sem Vítimas;Anoitecer;Crescente;Ceu Claro;Dupla;Reta;Rural;1;1
197641;2007-02-28;Quarta;09:00:00;SP;116;163.5;JACAREI;Não guardar distância de segurança;Colisão lateral;Sem Vítimas;Pleno dia;Decrescente;Sol;Dupla;Reta;Urbano;2;2
197740;2007-02-27;Terça;07:15:00;SP;116;229.0;SAO PAULO;Outras;Colisão lateral;Sem Vítimas;Pleno dia;Crescente;Sol;Múltipla;Reta;Urbano;3;3
197843;2007-02-28;Quarta;18:45:00;SP;116;144.0;SAO JOSE DOS CAMPOS;Falta de atenção;Colisão traseira;Sem Vítimas;Plena noite;Crescente;Ignorada;Dupla;Reta;Urbano;2;2
197894;2007-02-23;Sexta;23:30:00;SP;116;227.5;SAO PAULO;Outras;Capotamento;Sem Vítimas;Plena noite;Decrescente;Ceu Claro;Múltipla;Reta;Urbano;1;1
197946;2007-03-01;Quinta;03:30:00;SP;116;204.0;ARUJA;Falta de atenção;Colisão frontal;Sem Vítimas;Plena noite;Decrescente;Ceu Claro;Dupla;Reta;Urbano;2;2
197961;2007-02-28;Quarta;19:15:00;SP;116;207.5;GUARULHOS;Falta de atenção;Colisão lateral;Sem Vítimas;Plena noite;Decrescente;Nublado;Dupla;Reta;Urbano;2;2
197971;2007-03-01;Quinta;02:10:00;SP;116;99.2;PINDAMONHANGABA;Outras;Colisão traseira;Sem Vítimas;Plena noite;Crescente;Nublado;Dupla;Reta;Rural;4;4
198046;2007-02-26;Segunda;18:40:00;SP;116;219.5;GUARULHOS;Outras;Colisão traseira;Sem Vítimas;Plena noite;Crescente;Nublado;Múltipla;Reta;Urbano;2;2
198136;2007-02-28;Quarta;18:00:00;SP;116;216.0;GUARULHOS;Outras;Colisão traseira;Com Vítimas Feridas;Anoitecer;Crescente;Ceu Claro;Múltipla;Reta;Urbano;2;2
198167;2007-02-26;Segunda;18:20:00;SP;116;182.9;GUARAREMA;Outras;Colisão com objeto fixo;Sem Vítimas;Anoitecer;Decrescente;Chuva;Dupla;Reta;Rural;1;1
198184;2007-03-01;Quinta;10:40:00;SP;116;196.9;ARUJA;Outras;Colisão com objeto fixo;Sem Vítimas;Pleno dia;Decrescente;Ceu Claro;Dupla;Reta;Rural;3;3
198250;2007-03-01;Quinta;20:30:00;SP;116;159.0;JACAREI;Falta de atenção;Colisão lateral;Sem Vítimas;Plena noite;Crescente;Ceu Claro;Simples;Reta;Urbano;2;2
198271;2007-03-01;Quinta;16:22:00;SP;116;102.9;TAUBATE;Outras;Colisão com objeto fixo;Sem Vítimas;Pleno dia;Decrescente;Ceu Claro;Dupla;Reta;Rural;1;1
198297;2007-03-01;Quinta;22:30:00;SP;116;208.1;GUARULHOS;Falta de atenção;Atropelamento de pessoa;Com Vítimas Fatais;Plena noite;Decrescente;Nublado;Dupla;Reta;Urbano;2;1
198349;2007-03-02;Sexta;01:15:00;SP;116;174.1;GUARAREMA;Falta de atenção;Colisão traseira;Sem Vítimas;Plena noite;Decrescente;Ceu Claro;Dupla;Reta;Rural;2;2
198610;2007-03-01;Quinta;06:10:00;SP;116;176.0;GUARAREMA;Não guardar distância de segurança;Colisão lateral;Sem Vítimas;Pleno dia;Crescente;Ceu Claro;Dupla;Reta;Urbano;2;2
198688;2007-03-03;Sábado;01:40:00;SP;116;207.0;GUARULHOS;Outras;Colisão com objeto fixo;Sem Vítimas;Plena noite;Decrescente;Ceu Claro;Dupla;Reta;Urbano;1;1
198747;2007-03-02;Sexta;12:30:00;SP;116;220.0;GUARULHOS;Falta de atenção;Colisão traseira;Sem Vítimas;Pleno dia;Crescente;Sol;Múltipla;Reta;Urbano;2;2
198856;2007-02-26;Segunda;05:45:00;SP;116;122.0;CACAPAVA;Outras;Queda de motocicleta / bicicleta / veículo;Sem Vítimas;Amanhecer;Crescente;Ceu Claro;Dupla;Reta;Rural;2;1
198921;2007-03-02;Sexta;16:20:00;SP;116;222.0;GUARULHOS;Falta de atenção;Colisão lateral;Sem Vítimas;Pleno dia;Decrescente;Sol;Múltipla;Reta;Urbano;2;2
198971;2007-03-03;Sábado;00:25:00;SP;116;179.2;GUARAREMA;Outras;Colisão traseira;Com Vítimas Feridas;Plena noite;Decrescente;Ceu Claro;Dupla;Reta;Rural;4;3
198973;2007-03-02;Sexta;11:50:00;SP;116;220.0;GUARULHOS;Outras;Queda de motocicleta / bicicleta / veículo;Com Vítimas Feridas;Pleno dia;Decrescente;Sol;Múltipla;Reta;Urbano;1;1
198982;2007-03-02;Sexta;16:00:00;SP;116;221.0;GUARULHOS;Outras;Colisão traseira;Com Vítimas Feridas;Pleno dia;Decrescente;Sol;Múltipla;Reta;Urbano;3;2
199005;2007-03-01;Quinta;20:30:00;SP;116;143.0;SAO JOSE DOS CAMPOS;Outras;Colisão com objeto móvel;Sem Vítimas;Plena noite;Decrescente;Ceu Claro;Dupla;Reta;Rural;1;1
199040;2007-03-01;Quinta;08:30:00;SP;116;229.0;SAO PAULO;Outras;Colisão traseira;Sem Vítimas;Pleno dia;Crescente;Ceu Claro;Múltipla;Reta;Urbano;2;2
199067;2007-03-04;Domingo;00:05:00;SP;116;220.0;GUARULHOS;Não guardar distância de segurança;Colisão traseira;Sem Vítimas;Amanhecer;Decrescente;Ceu Claro;Múltipla;Reta;Urbano;3;3
199085;2007-03-02;Sexta;12:30:00;SP;116;229.0;SAO PAULO;Falta de atenção;Colisão traseira;Sem Vítimas;Pleno dia;Crescente;Ceu Claro;Múltipla;Reta;Urbano;5;5
199087;2007-03-01;Quinta;05:30:00;SP;116;117.9;TAUBATE;Outras;Colisão traseira;Sem Vítimas;Pleno dia;Decrescente;Ceu Claro;Dupla;Reta;Urbano;1;1
199142;2007-03-03;Sábado;19:15:00;SP;116;228.0;SAO PAULO;Falta de atenção;Colisão com bicicleta;Com Vítimas Feridas;Plena noite;Crescente;Ceu Claro;Múltipla;Reta;Urbano;2;2
199156;2007-03-01;Quinta;08:10:00;SP;116;225.9;GUARULHOS;Falta de atenção;Colisão traseira;Sem Vítimas;Pleno dia;Crescente;Sol;Múltipla;Reta;Urbano;2;2
199158;2007-03-01;Quinta;05:50:00;SP;116;224.0;GUARULHOS;Defeito mecânico em veículo;Colisão traseira;Sem Vítimas;Amanhecer;Decrescente;Ceu Claro;Múltipla;Reta;Urbano;4;4
199197;2007-03-03;Sábado;18:50:00;SP;116;113.0;TAUBATE;Outras;Colisão lateral;Com Vítimas Feridas;Anoitecer;Decrescente;Ceu Claro;Dupla;Reta;Urbano;2;2
199246;2007-03-01;Quinta;02:05:00;SP;116;107.5;TAUBATE;Defeito mecânico em veículo;Tombamento;Sem Vítimas;Plena noite;Crescente;Ceu Claro;Dupla;Reta;Urbano;1;1
199338;2007-03-04;Domingo;19:30:00;SP;116;173.0;JACAREI;Falta de atenção;Colisão Transversal;Com Vítimas Feridas;Plena noite;Crescente;Ceu Claro;Dupla;Curva;Rural;2;2