id;data_inversa;dia_semana;horario;uf;br;km;municipio;causa_acidente;tipo_acidente;classificacao_acidente;fase_dia;sentido_via;condicao_metereologica;tipo_pista;tracado_via;uso_solo;pessoas;veiculos
219869;2007-04-24;Terça;19:30:00;SP;116;110.0;TAUBATE;Outras;Colisão traseira;Sem Vítimas;Plena noite;Decrescente;Ceu Claro;Dupla;Reta;Urbano;2;2
219910;2007-04-24;Terça;19:15:00;SP;116;116.7;TAUBATE;Outras;Colisão traseira;Sem Vítimas;Plena noite;Decrescente;Ceu Claro;Dupla;Reta;Urbano;2;2
219928;2007-04-24;Terça;21:00:00;SP;116;117.0;TAUBATE;Outras;Colisão com objeto fixo;Sem Vítimas;Plena noite;Decrescente;Ceu Claro;Dupla;Reta;Rural;1;1
220038;2007-04-24;Terça;11:50:00;SP;116;218.0;GUARULHOS;Velocidade incompatível;Colisão traseira;Com Vítimas Feridas;Pleno dia;Crescente;Ceu Claro;Múltipla;Reta;Urbano;8;7
220053;2007-04-25;Quarta;09:30:00;SP;116;114.1;TAUBATE;Outras;Colisão com bicicleta;Com Vítimas Fatais;Pleno dia;Crescente;Ceu Claro;Dupla;Reta;Urbano;2;2
220073;2007-04-21;Sábado;21:30:00;SP;116;152.3;SAO JOSE DOS CAMPOS;Falta de atenção;Colisão com objeto fixo;Com Vítimas Feridas;Plena noite;Decrescente;Ceu Claro;Dupla;Reta;Urbano;2;1
220077;2007-04-24;Terça;18:00:00;SP;116;219.1;GUARULHOS;Falta de atenção;Colisão traseira;Sem Vítimas;Anoitecer;Decrescente;Ceu Claro;Múltipla;Reta;Urbano;3;3
220143;2007-03-11;Domingo;18:40:00;SP;116;168.0;JACAREI;Outras;Colisão traseira;Sem Vítimas;Plena noite;Decrescente;Chuva;Dupla;Reta;Urbano;2;2
220246;2007-04-25;Quarta;15:15:00;SP;116;223.0;GUARULHOS;Outras;Colisão com bicicleta;Com Vítimas Feridas;Pleno dia;Crescente;Sol;Múltipla;Reta;Urbano;2;2
220290;2007-04-22;Domingo;03:50:00;SP;116;143.5;SAO JOSE DOS CAMPOS;Falta de atenção;Queda de motocicleta / bicicleta / veículo;Com Vítimas Feridas;Plena noite;Crescente;Ceu Claro;Dupla;Reta;Urbano;2;1
220453;2007-04-24;Terça;10:50:00;SP;116;145.7;SAO JOSE DOS CAMPOS;Outras;Colisão traseira;Sem Vítimas;Pleno dia;Crescente;Ceu Claro;Dupla;Reta;Urbano;3;3
220455;2007-04-25;Quarta;09:15:00;SP;116;160.0;JACAREI;Outras;Colisão lateral;Sem Vítimas;Pleno dia;Decrescente;Ceu Claro;Dupla;Reta;Rural;2;2
220502;2007-04-24;Terça;07:35:00;SP;116;219.0;GUARULHOS;Falta de atenção;Colisão traseira;Sem Vítimas;Pleno dia;Crescente;Ceu Claro;Múltipla;Reta;Urbano;2;2
220558;2007-04-24;Terça;17:40:00;SP;116;219.0;GUARULHOS;Falta de atenção;Colisão traseira;Sem Vítimas;Anoitecer;Crescente;Ceu Claro;Múltipla;Reta;Urbano;3;3
220628;2007-04-26;Quinta;08:45:00;SP;116;140.7;SAO JOSE DOS CAMPOS;Falta de atenção;Colisão traseira;Sem Vítimas;Pleno dia;Decrescente;Ceu Claro;Dupla;Reta;Urbano;3;3
220691;2007-04-26;Quinta;18:10:00;SP;116;205.0;GUARULHOS;Falta de atenção;Colisão traseira;Sem Vítimas;Plena noite;Crescente;Chuva;Múltipla;Reta;Urbano;2;2
220699;2007-04-26;Quinta;17:50:00;SP;116;156.5;SAO JOSE DOS CAMPOS;Outras;Colisão traseira;Sem Vítimas;Plena noite;Decrescente;Nublado;Dupla;Reta;Urbano;3;3
220717;2007-04-26;Quinta;07:40:00;SP;116;139.1;SAO JOSE DOS CAMPOS;Não guardar distância de segurança;Colisão traseira;Sem Vítimas;Pleno dia;Crescente;Sol;Dupla;Reta;Rural;3;3
220806;2007-04-26;Quinta;07:30:00;SP;116;139.8;SAO JOSE DOS CAMPOS;Outras;Colisão traseira;Com Vítimas Feridas;Pleno dia;Crescente;Ceu Claro;Dupla;Reta;Urbano;4;3
220850;2007-04-27;Sexta;09:00:00;SP;116;153.5;SAO JOSE DOS CAMPOS;Desobediência à sinalização;Colisão lateral;Sem Vítimas;Pleno dia;Decrescente;Chuva;Dupla;Reta;Urbano;2;2
220853;2007-04-26;Quinta;17:00:00;SP;116;225.0;GUARULHOS;Ultrapassagem indevida;Colisão lateral;Sem Vítimas;Anoitecer;Decrescente;Ceu Claro;Múltipla;Reta;Urbano;1;1
220881;2007-04-26;Quinta;19:50:00;SP;116;109.5;TAUBATE;Velocidade incompatível;Colisão lateral;Sem Vítimas;Plena noite;Decrescente;Ceu Claro;Dupla;Reta;Urbano;2;2
220929;2007-03-01;Quinta;08:30:00;SP;116;227.8;SAO PAULO;Falta de atenção;Colisão traseira;Sem Vítimas;Pleno dia;Crescente;Ceu Claro;Múltipla;Reta;Urbano;3;3
220990;2007-04-27;Sexta;11:17:00;SP;116;190.5;SANTA ISABEL;Dormindo;Colisão com objeto fixo;Sem Vítimas;Pleno dia;Crescente;Nublado;Simples;Reta;Rural;1;1
220996;2007-04-22;Domingo;05:20:00;SP;116;172.1;JACAREI;Falta de atenção;Danos Eventuais;Sem Vítimas;Amanhecer;Decrescente;Ceu Claro;Dupla;Reta;Rural;3;3
221073;2007-04-27;Sexta;18:40:00;SP;116;148.0;SAO JOSE DOS CAMPOS;Não guardar distância de segurança;Colisão traseira;Sem Vítimas;Plena noite;Decrescente;Chuva;Dupla;Reta;Urbano;4;4
221134;2007-04-27;Sexta;20:30:00;SP;116;152.6;SAO JOSE DOS CAMPOS;Outras;Colisão traseira;Sem Vítimas;Plena noite;Crescente;Chuva;Dupla;Reta;Urbano;2;2
221158;2007-04-24;Terça;17:50:00;SP;116;141.1;SAO JOSE DOS CAMPOS;Não guardar distância de segurança;Colisão traseira;Com Vítimas Feridas;Anoitecer;Crescente;Chuva;Dupla;Reta;Urbano;4;4
221167;2007-04-27;Sexta;17:45:00;SP;116;156.0;SAO JOSE DOS CAMPOS;Outras;Colisão traseira;Com Vítimas Feridas;Anoitecer;Decrescente;Chuva;Dupla;Reta;Urbano;7;5
221231;2007-04-24;Terça;04:50:00;SP;116;169.4;JACAREI;Dormindo;Colisão traseira;Sem Vítimas;Plena noite;Decrescente;Nevoeiro/neblina;Dupla;Reta;Rural;2;2
221277;2007-04-27;Sexta;18:39:00;SP;116;148.0;SAO JOSE DOS CAMPOS;Outras;Colisão traseira;Sem Vítimas;Plena noite;Decrescente;Chuva;Dupla;Reta;Urbano;3;3
221422;2007-04-28;Sábado;18:45:00;SP;116;215.0;GUARULHOS;Falta de atenção;Colisão com objeto fixo;Sem Vítimas;Anoitecer;Crescente;Nublado;Múltipla;Reta;Urbano;1;1
221511;2007-04-28;Sábado;21:15:00;SP;116;162.0;JACAREI;Outras;Colisão lateral;Sem Vítimas;Plena noite;Decrescente;Ceu Claro;Dupla;Reta;Urbano;2;2
221579;2007-04-26;Quinta;08:50:00;SP;116;221.0;GUARULHOS;Falta de atenção;Colisão traseira;Sem Vítimas;Pleno dia;Crescente;Sol;Múltipla;Reta;Urbano;2;2
221584;2007-04-24;Terça;17:15:00;SP;116;147.3;SAO JOSE DOS CAMPOS;Ingestão de álcool;Capotamento;Com Vítimas Feridas;Anoitecer;Crescente;Nublado;Dupla;Reta;Urbano;2;1
221613;2007-04-29;Domingo;03:50:00;SP;116;158.0;JACAREI;Falta de atenção;Tombamento;Com Vítimas Feridas;Plena noite;Crescente;Ignorada;Dupla;Reta;Urbano;2;1
221649;2007-04-29;Domingo;04:15:00;SP;116;221.0;GUARULHOS;Falta de atenção;Colisão traseira;Com Vítimas Feridas;Plena noite;Crescente;Nublado;Múltipla;Reta;Urbano;3;2
221658;2007-04-27;Sexta;11:33:00;SP;116;224.5;GUARULHOS;Falta de atenção;Colisão traseira;Sem Vítimas;Pleno dia;Crescente;Nublado;Múltipla;Reta;Urbano;4;4
221666;2007-04-27;Sexta;19:35:00;SP;116;113.5;TAUBATE;Outras;Saída de Pista;Com Vítimas Feridas;Plena noite;Crescente;Chuva;Dupla;Reta;Urbano;2;1
221693;2007-04-29;Domingo;11:00:00;SP;116;207.3;ARUJA;Falta de atenção;Colisão com objeto fixo;Sem Vítimas;Pleno dia;Decrescente;Nublado;Múltipla;Reta;Urbano;1;1
221720;2007-04-25;Quarta;15:30:00;SP;116;102.0;PINDAMONHANGABA;Outras;Colisão com objeto móvel;Sem Vítimas;Pleno dia;Decrescente;Ceu Claro;Dupla;Reta;Rural;1;1
221722;2007-04-27;Sexta;00:15:00;SP;116;130.2;CACAPAVA;Outras;Colisão traseira;Com Vítimas Fatais;Plena noite;Decrescente;Chuva;Dupla;Reta;Urbano;5;3
221741;2007-04-25;Quarta;18:35:00;SP;116;114.1;TAUBATE;Defeito mecânico em veículo;Colisão com objeto fixo;Com Vítimas Feridas;Plena noite;Decrescente;Ceu Claro;Dupla;Reta;Urbano;1;1
221756;2007-04-27;Sexta;19:45:00;SP;116;109.3;TAUBATE;Outras;Colisão com objeto fixo;Com Vítimas Feridas;Plena noite;Decrescente;Chuva;Dupla;Reta;Urbano;1;1
221832;2007-04-21;Sábado;08:15:00;SP;116;190.0;SANTA ISABEL;Falta de atenção;Queda de motocicleta / bicicleta / veículo;Com Vítimas Feridas;Pleno dia;Decrescente;Ceu Claro;Dupla;Reta;Rural;2;2
221858;2007-04-27;Sexta;19:52:00;SP;116;109.3;TAUBATE;Falta de atenção;Colisão traseira;Sem Vítimas;Plena noite;Decrescente;Chuva;Dupla;Reta;Urbano;1;1
221862;2007-04-26;Quinta;05:20:00;SP;116;178.0;GUARAREMA;Outras;Colisão traseira;Sem Vítimas;Plena noite;Crescente;Ceu Claro;Dupla;Reta;Rural;2;2
222012;2007-04-27;Sexta;07:00:00;SP;116;229.0;SAO PAULO;Falta de atenção;Colisão traseira;Com Vítimas Feridas;Pleno dia;Crescente;Chuva;Múltipla;Reta;Urbano;5;4
222074;2007-04-27;Sexta;18:38:00;SP;116;148.0;SAO JOSE DOS CAMPOS;Outras;Colisão traseira;Sem Vítimas;Plena noite;Decrescente;Chuva;Dupla;Reta;Urbano;2;2
222100;2007-04-28;Sábado;05:15:00;SP;116;152.0;SAO JOSE DOS CAMPOS;Outras;Colisão traseira;Com Vítimas Feridas;Plena noite;Crescente;Ceu Claro;Dupla;Reta;Urbano;2;2
222150;2007-04-27;Sexta;15:58:00;SP;116;211.9;GUARULHOS;Falta de atenção;Colisão traseira;Sem Vítimas;Pleno dia;Decrescente;Nublado;Múltipla;Reta;Urbano;2;2
222224;2007-04-30;Segunda;17:10:00;SP;116;229.9;SAO PAULO;Falta de atenção;Colisão lateral;Sem Vítimas;Pleno dia;Crescente;Nublado;Múltipla;Reta;Urbano;2;2
222259;2007-04-27;Sexta;18:58:00;SP;116;157.0;SAO JOSE DOS CAMPOS;Não guardar distância de segurança;Colisão traseira;Sem Vítimas;Plena noite;Decrescente;Chuva;Dupla;Reta;Urbano;2;2
222276;2007-04-29;Domingo;03:30:00;SP;116;219.0;GUARULHOS;Velocidade incompatível;Colisão com objeto fixo;Sem Vítimas;Plena noite;Crescente;Nublado;Múltipla;Reta;Urbano;1;1
222299;2007-04-28;Sábado;23:40:00;SP;116;210.7;GUARULHOS;Falta de atenção;Colisão traseira;Sem Vítimas;Plena noite;Crescente;Nublado;Múltipla;Reta;Urbano;2;2
222314;2007-04-28;Sábado;15:30:00;SP;116;213.0;GUARULHOS;Outras;Colisão lateral;Com Vítimas Feridas;Pleno dia;Decrescente;Ceu Claro;Dupla;Reta;Urbano;3;2
222325;2007-04-28;Sábado;07:45:00;SP;116;204.0;ARUJA;Falta de atenção;Colisão traseira;Com Vítimas Feridas;Pleno dia;Decrescente;Ceu Claro;Dupla;Reta;Urbano;1;1
222342;2007-04-27;Sexta;12:00:00;SP;116;220.7;GUARULHOS;Falta de atenção;Colisão lateral;Sem Vítimas;Pleno dia;Decrescente;Sol;Múltipla;Reta;Urbano;2;2
222374;2007-04-30;Segunda;23:40:00;SP;116;115.0;TAUBATE;Outras;Colisão traseira;Sem Vítimas;Plena noite;Decrescente;Ceu Claro;Dupla;Reta;Urbano;2;2
222424;2007-04-28;Sábado;21:47:00;SP;116;103.4;TAUBATE;Outras;Colisão com objeto fixo;Sem Vítimas;Plena noite;Decrescente;Ceu Claro;Dupla;Reta;Rural;2;2
222626;2007-04-28;Sábado;18:45:00;SP;116;226.0;GUARULHOS;Defeito na via;Queda de motocicleta / bicicleta / veículo;Sem Vítimas;Anoitecer;Decrescente;Ceu Claro;Múltipla;Reta;Urbano;1;1
222655;2007-04-28;Sábado;22:50:00;SP;116;212.0;GUARULHOS;Falta de atenção;Colisão traseira;Com Vítimas Feridas;Plena noite;Crescente;Ceu Claro;Múltipla;Reta;Urbano;5;4
222712;2007-05-01;Terça;23:55:00;SP;116;125.0;CACAPAVA;Outras;Queda de motocicleta / bicicleta / veículo;Com Vítimas Feridas;Plena noite;Decrescente;Ceu Claro;Dupla;Reta;Urbano;2;1
222721;2007-04-30;Segunda;23:28:00;SP;116;115.0;TAUBATE;Ingestão de álcool;Colisão frontal;Sem Vítimas;Plena noite;Crescente;Ceu Claro;Dupla;Reta;Urbano;2;2
222769;2007-04-27;Sexta;04:45:00;SP;116;210.0;GUARULHOS;Falta de atenção;Colisão traseira;Sem Vítimas;Amanhecer;Decrescente;Nublado;Dupla;Reta;Urbano;2;2
222798;2007-04-27;Sexta;18:15:00;SP;116;186.0;SANTA ISABEL;Outras;Colisão com objeto fixo;Com Vítimas Feridas;Plena noite;Decrescente;Chuva;Dupla;Reta;Rural;1;1
222872;2007-04-21;Sábado;06:45:00;SP;116;211.0;GUARULHOS;Falta de atenção;Colisão traseira;Com Vítimas Fatais;Amanhecer;Crescente;Ceu Claro;Múltipla;Reta;Urbano;8;2
222883;2007-03-18;Domingo;07:30:00;SP;116;226.8;GUARULHOS;Outras;Colisão lateral;Com Vítimas Fatais;Amanhecer;Decrescente;Chuva;Múltipla;Reta;Urbano;2;2
222935;2007-04-28;Sábado;23:30:00;SP;116;211.0;GUARULHOS;Outras;Colisão traseira;Com Vítimas Feridas;Plena noite;Crescente;Ceu Claro;Múltipla;Reta;Urbano;5;3
222943;2007-05-02;Quarta;07:15:00;SP;116;161.0;JACAREI;Dormindo;Colisão traseira;Sem Vítimas;Plena noite;Decrescente;Nublado;Dupla;Reta;Urbano;2;2
223068;2007-04-29;Domingo;06:45:00;SP;116;118.1;TAUBATE;Outras;Queda de motocicleta / bicicleta / veículo;Com Vítimas Feridas;Pleno dia;Crescente;Nublado;Dupla;Reta;Urbano;2;1
223076;2007-05-02;Quarta;15:30:00;SP;116;165.0;JACAREI;Não guardar distância de segurança;Colisão traseira;Sem Vítimas;Pleno dia;Decrescente;Sol;Dupla;Reta;Urbano;2;2
223082;2007-05-02;Quarta;21:30:00;SP;116;212.6;GUARULHOS;Outras;Capotamento;Com Vítimas Feridas;Plena noite;Decrescente;Ceu Claro;Múltipla;Reta;Urbano;1;1
223085;2007-05-02;Quarta;18:40:00;SP;116;210.0;GUARULHOS;Outras;Colisão traseira;Sem Vítimas;Plena noite;Crescente;Ceu Claro;Dupla;Reta;Urbano;2;2
223162;2007-05-02;Quarta;10:00:00;SP;116;220.0;GUARULHOS;Não guardar distância de segurança;Colisão traseira;Sem Vítimas;Pleno dia;Crescente;Sol;Múltipla;Reta;Urbano;2;2
223166;2007-05-02;Quarta;15:15:00;SP;116;221.0;GUARULHOS;Não guardar distância de segurança;Colisão traseira;Sem Vítimas;Pleno dia;Decrescente;Sol;Múltipla;Reta;Urbano;2;2
223175;2007-05-02;Quarta;07:00:00;SP;116;226.5;GUARULHOS;Falta de atenção;Colisão traseira;Sem Vítimas;Pleno dia;Crescente;Nevoeiro/neblina;Múltipla;Reta;Urbano;2;2
223215;2007-05-02;Quarta;03:15:00;SP;116;224.1;GUARULHOS;Falta de atenção;Colisão lateral;Sem Vítimas;Plena noite;Crescente;Nublado;Múltipla;Reta;Urbano;2;2
223336;2007-05-03;Quinta;16:00:00;SP;116;197.0;ARUJA;Defeito mecânico em veículo;Colisão com objeto fixo;Sem Vítimas;Pleno dia;Decrescente;Ceu Claro;Dupla;Reta;Urbano;1;1
223353;2007-05-03;Quinta;10:00:00;SP;116;219.0;GUARULHOS;Defeito mecânico em veículo;Queda de motocicleta / bicicleta / veículo;Com Vítimas Feridas;Pleno dia;Crescente;Sol;Múltipla;Reta;Rural;2;1
223409;2007-05-03;Quinta;18:15:00;SP;116;135.1;SAO JOSE DOS CAMPOS;Outras;Colisão traseira;Sem Vítimas;Plena noite;Decrescente;Ceu Claro;Dupla;Reta;Rural;2;2
223414;2007-04-25;Quarta;07:50:00;SP;116;146.0;SAO JOSE DOS CAMPOS;Não guardar distância de segurança;Colisão traseira;Sem Vítimas;Pleno dia;Crescente;Sol;Dupla;Reta;Urbano;3;3
223465;2007-05-03;Quinta;23:45:00;SP;116;219.0;GUARULHOS;Defeito mecânico em veículo;Colisão lateral;Com Vítimas Feridas;Plena noite;Decrescente;Nublado;Múltipla;Reta;Urbano;4;2
223487;2007-05-01;Terça;14:00:00;SP;116;199.0;ARUJA;Outras;Saída de Pista;Com Vítimas Feridas;Pleno dia;Decrescente;Ceu Claro;Dupla;Reta;Rural;3;1
223496;2007-05-01;Terça;13:20:00;SP;116;204.0;ARUJA;Outras;Colisão com objeto fixo;Sem Vítimas;Pleno dia;Decrescente;Ceu Claro;Múltipla;Reta;Urbano;1;1
223509;2007-04-25;Quarta;19:30:00;SP;116;146.3;SAO JOSE DOS CAMPOS;Falta de atenção;Colisão traseira;Sem Vítimas;Plena noite;Crescente;Chuva;Dupla;Reta;Urbano;3;3
223515;2007-05-02;Quarta;18:30:00;SP;116;222.0;GUARULHOS;Falta de atenção;Colisão traseira;Com Vítimas Feridas;Plena noite;Decrescente;Ceu Claro;Simples;Reta;Urbano;2;2
223534;2007-05-03;Quinta;07:20:00;SP;116;157.0;SAO JOSE DOS CAMPOS;Outras;Colisão traseira;Sem Vítimas;Pleno dia;Decrescente;Ceu Claro;Dupla;Reta;Urbano;2;2
223611;2007-05-04;Sexta;07:40:00;SP;116;216.0;GUARULHOS;Falta de atenção;Colisão traseira;Com Vítimas Feridas;Pleno dia;Crescente;Ceu Claro;Múltipla;Reta;Urbano;3;2
223659;2007-05-04;Sexta;11:20:00;SP;116;115.0;TAUBATE;Animais na Pista;Atropelamento de animal;Sem Vítimas;Pleno dia;Crescente;Ceu Claro;Dupla;Reta;Urbano;1;1
223688;2007-05-02;Quarta;00:50:00;SP;116;153.1;SAO JOSE DOS CAMPOS;Velocidade incompatível;Colisão traseira;Sem Vítimas;Plena noite;Decrescente;Ceu Claro;Dupla;Reta;Rural;2;2
223703;2007-05-01;Terça;18:30:00;SP;116;204.5;ARUJA;Falta de atenção;Colisão traseira;Sem Vítimas;Anoitecer;Decrescente;Nublado;Simples;Reta;Urbano;2;2
223718;2007-05-04;Sexta;15:30:00;SP;116;145.0;SAO JOSE DOS CAMPOS;Outras;Queda de motocicleta / bicicleta / veículo;Com Vítimas Feridas;Pleno dia;Crescente;Ceu Claro;Dupla;Reta;Urbano;2;2
223734;2007-05-04;Sexta;19:32:00;SP;116;157.0;SAO JOSE DOS CAMPOS;Outras;Colisão traseira;Sem Vítimas;Plena noite;Decrescente;Ceu Claro;Dupla;Reta;Urbano;2;2
223761;2007-05-04;Sexta;13:30:00;SP;116;150.0;SAO JOSE DOS CAMPOS;Outras;Colisão com bicicleta;Sem Vítimas;Pleno dia;Decrescente;Ceu Claro;Dupla;Reta;Urbano;2;2
223987;2007-05-04;Sexta;07:15:00;SP;116;217.3;GUARULHOS;Outras;Colisão traseira;Sem Vítimas;Pleno dia;Crescente;Chuva;Múltipla;Reta;Urbano;2;2
223997;2007-05-05;Sábado;13:40:00;SP;116;134.9;SAO JOSE DOS CAMPOS;Outras;Colisão traseira;Sem Vítimas;Pleno dia;Crescente;Ceu Claro;Dupla;Reta;Urbano;2;2
224070;2007-05-03;Quinta;07:00:00;SP;116;128.4;CACAPAVA;Outras;Colisão traseira;Sem Vítimas;Pleno dia;Crescente;Ceu Claro;Dupla;Reta;Rural;3;3
224159;2007-05-03;Quinta;16:00:00;SP;116;222.0;GUARULHOS;Falta de atenção;Colisão lateral;Com Vítimas Feridas;Pleno dia;Decrescente;Ceu Claro;Múltipla;Reta;Urbano;2;2
224164;2007-05-05;Sábado;19:00:00;SP;116;204.5;ARUJA;Outras;Colisão com objeto fixo;Com Vítimas Feridas;Plena noite;Crescente;Nublado;Dupla;Curva;Urbano;1;1
224331;2007-05-05;Sábado;20:45:00;SP;116;107.0;TAUBATE;Outras;Colisão lateral;Sem Vítimas;Plena noite;Decrescente;(null);Dupla;Reta;Urbano;2;2
224331;2007-05-05;Sábado;20:45:00;SP;116;107.0;TAUBATE;Outras;Colisão lateral;Sem Vítimas;Plena noite;Decrescente;Ceu Claro;Dupla;Reta;Urbano;2;2
224422;2007-05-04;Sexta;20:30:00;SP;116;229.6;SAO PAULO;Falta de atenção;Colisão traseira;Sem Vítimas;Plena noite;Decrescente;Ceu Claro;Múltipla;Reta;Urbano;2;2
224495;2007-05-07;Segunda;12:20:00;SP;116;168.3;JACAREI;Animais na Pista;Colisão lateral;Sem Vítimas;Pleno dia;Crescente;Sol;Dupla;Reta;Rural;2;2
224516;2007-05-04;Sexta;04:40:00;SP;116;173.5;JACAREI;Dormindo;Colisão lateral;Sem Vítimas;Plena noite;Crescente;Ceu Claro;Dupla;Reta;Rural;2;2
224520;2007-05-07;Segunda;09:31:00;SP;116;165.0;JACAREI;Falta de atenção;Colisão com objeto fixo;Sem Vítimas;Pleno dia;Decrescente;Sol;Simples;Reta;Rural;1;1
224556;2007-05-04;Sexta;18:15:00;SP;116;210.0;GUARULHOS;Falta de atenção;Colisão lateral;Sem Vítimas;Anoitecer;Decrescente;Ceu Claro;Dupla;Reta;Urbano;2;2
224617;2007-05-07;Segunda;21:00:00;SP;116;129.7;CACAPAVA;Falta de atenção;Colisão com bicicleta;Com Vítimas Fatais;Plena noite;Decrescente;Ceu Claro;Dupla;Reta;Urbano;3;3
224676;2007-05-05;Sábado;16:50:00;SP;116;154.6;SAO JOSE DOS CAMPOS;Outras;Colisão traseira;Com Vítimas Feridas;Pleno dia;Decrescente;Ceu Claro;Dupla;Reta;Urbano;2;2
224683;2007-05-02;Quarta;23:33:00;SP;116;114.5;TAUBATE;Falta de atenção;Colisão traseira;Sem Vítimas;Plena noite;Crescente;Ceu Claro;Dupla;Reta;Urbano;3;3
224692;2007-05-06;Domingo;09:30:00;SP;116;212.7;GUARULHOS;Outras;Queda de motocicleta / bicicleta / veículo;Com Vítimas Feridas;Pleno dia;Crescente;Sol;Múltipla;Reta;Urbano;3;2
224763;2007-05-05;Sábado;07:05:00;SP;116;210.0;GUARULHOS;Falta de atenção;Colisão lateral;Sem Vítimas;Pleno dia;Crescente;Nublado;Múltipla;Reta;Urbano;2;2
224826;2007-05-06;Domingo;19:15:00;SP;116;131.3;CACAPAVA;Outras;Saída de Pista;Com Vítimas Feridas;Plena noite;Crescente;Ceu Claro;Dupla;Reta;Urbano;1;1
224850;2007-05-06;Domingo;06:00:00;SP;116;222.1;GUARULHOS;Outras;Colisão frontal;Com Vítimas Fatais;Amanhecer;Decrescente;Sol;Múltipla;Reta;Urbano;4;3
224862;2007-05-07;Segunda;09:55:00;SP;116;229.0;SAO PAULO;Falta de atenção;Queda de motocicleta / bicicleta / veículo;Com Vítimas Feridas;Pleno dia;Crescente;Ceu Claro;Múltipla;Reta;Urbano;2;2
224871;2007-05-06;Domingo;23:30:00;SP;116;119.8;CACAPAVA;Outras;Colisão com objeto fixo;Sem Vítimas;Plena noite;Decrescente;Ceu Claro;Dupla;Reta;Rural;1;1
224876;2007-05-02;Quarta;19:00:00;SP;116;226.0;GUARULHOS;Falta de atenção;Colisão lateral;Sem Vítimas;Anoitecer;Decrescente;Ceu Claro;Múltipla;Reta;Urbano;1;1
224881;2007-05-07;Segunda;08:55:00;SP;116;205.0;GUARULHOS;Outras;Colisão com objeto fixo;Sem Vítimas;Pleno dia;Decrescente;Sol;Dupla;Reta;Urbano;2;2
224907;2007-05-07;Segunda;05:50:00;SP;116;188.8;SANTA ISABEL;Outras;Colisão traseira;Sem Vítimas;Amanhecer;Crescente;Ignorada;Dupla;Reta;Rural;3;3
224938;2007-05-06;Domingo;19:50:00;SP;116;222.0;GUARULHOS;Não guardar distância de segurança;Colisão traseira;Sem Vítimas;Plena noite;Decrescente;Nublado;Múltipla;Reta;Rural;2;2
225018;2007-05-08;Terça;05:40:00;SP;116;216.5;GUARULHOS;Falta de atenção;Colisão traseira;Sem Vítimas;Amanhecer;Decrescente;Ceu Claro;Múltipla;Reta;Rural;2;2
225029;2007-05-08;Terça;23:20:00;SP;116;227.6;SAO PAULO;Defeito mecânico em veículo;Colisão lateral;Sem Vítimas;Plena noite;Crescente;Chuva;Múltipla;Reta;Urbano;2;2
225058;2007-05-09;Quarta;02:50:00;SP;116;112.9;TAUBATE;Dormindo;Colisão traseira;Com Vítimas Feridas;Plena noite;Crescente;Nublado;Dupla;Reta;Urbano;3;2
225084;2007-05-04;Sexta;21:15:00;SP;116;219.0;GUARULHOS;Outras;Queda de motocicleta / bicicleta / veículo;Com Vítimas Feridas;Plena noite;Decrescente;Ceu Claro;Dupla;Curva;Urbano;1;1
225105;2007-05-06;Domingo;09:15:00;SP;116;190.8;SANTA ISABEL;Outras;Capotamento;Com Vítimas Feridas;Pleno dia;Crescente;Ceu Claro;Dupla;Reta;Urbano;3;2
225147;2007-05-06;Domingo;14:00:00;SP;116;114.0;TAUBATE;Falta de atenção;Colisão com objeto fixo;Com Vítimas Feridas;Pleno dia;Crescente;Ceu Claro;Dupla;Reta;Urbano;2;1
225235;2007-05-05;Sábado;12:10:00;SP;116;186.0;SANTA ISABEL;Outras;Saída de Pista;Sem Vítimas;Pleno dia;Crescente;Ceu Claro;Dupla;Reta;Rural;1;1
225257;2007-05-08;Terça;06:20:00;SP;116;226.0;GUARULHOS;Falta de atenção;Colisão traseira;Sem Vítimas;Pleno dia;Crescente;Sol;Múltipla;Reta;Urbano;3;3
225267;2007-05-06;Domingo;11:00:00;SP;116;211.5;GUARULHOS;Falta de atenção;Colisão traseira;Sem Vítimas;Pleno dia;Decrescente;Ceu Claro;Múltipla;Reta;Urbano;2;2
225275;2007-05-07;Segunda;20:00:00;SP;116;220.0;GUARULHOS;Falta de atenção;Colisão com objeto fixo;Sem Vítimas;Plena noite;Decrescente;Ceu Claro;Múltipla;Reta;Urbano;1;1
225303;2007-05-08;Terça;06:15:00;SP;116;228.0;SAO PAULO;Falta de atenção;Colisão traseira;Sem Vítimas;Pleno dia;Crescente;Ceu Claro;Múltipla;Reta;Urbano;3;3