id;data_inversa;dia_semana;horario;uf;br;km;municipio;causa_acidente;tipo_acidente;classificacao_acidente;fase_dia;sentido_via;condicao_metereologica;tipo_pista;tracado_via;uso_solo;pessoas;veiculos
225369;2007-05-07;Segunda;06:15:00;SP;116;212.5;GUARULHOS;Não guardar distância de segurança;Colisão traseira;Sem Vítimas;Plena noite;Crescente;Ceu Claro;Múltipla;Reta;Urbano;2;2
225371;2007-05-07;Segunda;19:00:00;SP;116;212.0;GUARULHOS;Outras;Colisão traseira;Sem Vítimas;Plena noite;Decrescente;Nublado;Múltipla;Reta;Urbano;4;4
225386;2007-05-06;Domingo;06:40:00;SP;116;224.0;GUARULHOS;Outras;Saída de Pista;Com Vítimas Feridas;Pleno dia;Decrescente;Sol;Múltipla;Reta;Urbano;2;1
225395;2007-05-09;Quarta;18:50:00;SP;116;211.0;GUARULHOS;Outras;Colisão lateral;Sem Vítimas;Plena noite;Crescente;Nublado;Múltipla;Reta;Urbano;2;2
225401;2007-05-09;Quarta;17:50:00;SP;116;219.0;GUARULHOS;Não guardar distância de segurança;Colisão traseira;Sem Vítimas;Pleno dia;Decrescente;Chuva;Múltipla;Reta;Urbano;3;3
225449;2007-05-08;Terça;20:15:00;SP;116;215.0;GUARULHOS;Outras;Colisão com objeto fixo;Sem Vítimas;Plena noite;Decrescente;Nublado;Múltipla;Reta;Urbano;1;1
225528;2007-05-05;Sábado;21:55:00;SP;116;228.7;SAO PAULO;Defeito mecânico em veículo;Colisão traseira;Sem Vítimas;Plena noite;Decrescente;Ceu Claro;Múltipla;Reta;Urbano;3;3
225580;2007-05-07;Segunda;02:15:00;SP;116;153.5;SAO JOSE DOS CAMPOS;Falta de atenção;Atropelamento de pessoa;Com Vítimas Fatais;Plena noite;Decrescente;Ceu Claro;Dupla;Reta;Urbano;2;1
225681;2007-05-06;Domingo;19:10:00;SP;116;113.8;TAUBATE;Outras;Colisão com objeto fixo;Sem Vítimas;Plena noite;Crescente;Ceu Claro;Dupla;Reta;Urbano;1;1
225717;2007-05-06;Domingo;20:50:00;SP;116;150.0;SAO JOSE DOS CAMPOS;Outras;Colisão com objeto fixo;Sem Vítimas;Plena noite;Decrescente;Ceu Claro;Dupla;Reta;Urbano;1;1
225734;2007-05-08;Terça;05:45:00;SP;116;153.3;SAO JOSE DOS CAMPOS;Dormindo;Colisão traseira;Com Vítimas Feridas;Plena noite;Decrescente;Ceu Claro;Dupla;Reta;Urbano;2;2
225754;2007-05-09;Quarta;07:40:00;SP;116;161.0;JACAREI;Animais na Pista;Colisão lateral;Sem Vítimas;Pleno dia;Crescente;Chuva;Dupla;Reta;Urbano;2;2
225785;2007-05-09;Quarta;04:00:00;SP;116;160.7;JACAREI;Falta de atenção;Colisão traseira;Sem Vítimas;Plena noite;Crescente;Chuva;Dupla;Reta;Rural;2;2
225818;2007-05-09;Quarta;06:20:00;SP;116;161.8;JACAREI;Outras;Colisão traseira;Sem Vítimas;Pleno dia;Decrescente;Nublado;Dupla;Reta;Urbano;3;3
225874;2007-05-10;Quinta;19:30:00;SP;116;145.0;SAO JOSE DOS CAMPOS;Não guardar distância de segurança;Capotamento;Com Vítimas Feridas;Plena noite;Decrescente;Nublado;Dupla;Reta;Urbano;1;1
225890;2007-05-05;Sábado;13:20:00;SP;116;227.7;SAO PAULO;Falta de atenção;Colisão com objeto fixo;Sem Vítimas;Pleno dia;Decrescente;Sol;Múltipla;Reta;Urbano;3;3
225910;2007-05-09;Quarta;11:35:00;SP;116;222.3;GUARULHOS;Não guardar distância de segurança;Colisão traseira;Sem Vítimas;Pleno dia;Decrescente;Nublado;Múltipla;Reta;Urbano;3;3
225912;2007-05-10;Quinta;17:00:00;SP;116;107.0;TAUBATE;Falta de atenção;Colisão traseira;Sem Vítimas;Pleno dia;Decrescente;Ceu Claro;Dupla;Reta;Urbano;2;2
225914;2007-05-10;Quinta;20:20:00;SP;116;145.0;SAO JOSE DOS CAMPOS;Outras;Colisão lateral;Sem Vítimas;Plena noite;Crescente;Nublado;Dupla;Reta;Urbano;2;2
225938;2007-05-10;Quinta;21:00:00;SP;116;217.5;GUARULHOS;Outras;Colisão traseira;Com Vítimas Feridas;Plena noite;Decrescente;Nublado;Múltipla;Reta;Urbano;2;2
225952;2007-05-08;Terça;16:13:00;SP;116;204.4;ARUJA;Falta de atenção;Colisão traseira;Sem Vítimas;Pleno dia;Decrescente;Ceu Claro;Dupla;Reta;Rural;3;3
225970;2007-05-10;Quinta;22:10:00;SP;116;200.0;ARUJA;Outras;Atropelamento de pessoa;Com Vítimas Feridas;Plena noite;Crescente;Ceu Claro;Múltipla;Reta;Urbano;2;1
225972;2007-05-07;Segunda;17:35:00;SP;116;228.8;SAO PAULO;Falta de atenção;Colisão lateral;Sem Vítimas;Pleno dia;Decrescente;Ceu Claro;Múltipla;Reta;Urbano;2;2
225978;2007-05-07;Segunda;12:00:00;SP;116;221.0;GUARULHOS;Falta de atenção;Queda de motocicleta / bicicleta / veículo;Com Vítimas Feridas;Pleno dia;Decrescente;Nublado;Múltipla;Reta;Urbano;1;1
225983;2007-05-08;Terça;17:15:00;SP;116;217.8;GUARULHOS;Outras;Colisão traseira;Sem Vítimas;Pleno dia;Decrescente;Ceu Claro;Múltipla;Reta;Urbano;3;3
225989;2007-05-10;Quinta;22:00:00;SP;116;208.0;GUARULHOS;Outras;Colisão lateral;Sem Vítimas;Plena noite;Crescente;Nublado;Dupla;Reta;Urbano;2;2
225996;2007-05-11;Sexta;03:55:00;SP;116;165.0;JACAREI;Falta de atenção;Colisão com objeto fixo;Sem Vítimas;Plena noite;Decrescente;Ceu Claro;Múltipla;Curva;Urbano;1;1
226015;2007-05-11;Sexta;04:50:00;SP;116;146.8;SAO JOSE DOS CAMPOS;Falta de atenção;Colisão traseira;Com Vítimas Fatais;Plena noite;Crescente;Ceu Claro;Dupla;Reta;Urbano;3;2
226117;2007-05-10;Quinta;10:55:00;SP;116;212.0;GUARULHOS;Outras;Colisão traseira;Sem Vítimas;Pleno dia;Decrescente;Sol;Múltipla;Reta;Urbano;1;1
226204;2007-05-03;Quinta;19:40:00;SP;116;157.0;SAO JOSE DOS CAMPOS;Outras;Colisão traseira;Sem Vítimas;Plena noite;Decrescente;Nublado;Dupla;Reta;Urbano;3;3
226225;2007-05-10;Quinta;03:20:00;SP;116;229.0;SAO PAULO;Defeito mecânico em veículo;Colisão traseira;Sem Vítimas;Plena noite;Decrescente;Chuva;Múltipla;Reta;Urbano;2;2
226254;2007-05-11;Sexta;08:30:00;SP;116;228.0;GUARULHOS;Falta de atenção;Colisão traseira;Sem Vítimas;Pleno dia;Crescente;Ceu Claro;Múltipla;Reta;Urbano;1;1
226258;2007-05-07;Segunda;07:40:00;SP;116;145.8;SAO JOSE DOS CAMPOS;Outras;Colisão traseira;Sem Vítimas;Pleno dia;Crescente;Sol;Dupla;Reta;Urbano;1;1
226372;2007-05-11;Sexta;18:18:00;SP;116;229.0;SAO PAULO;Falta de atenção;Colisão lateral;Com Vítimas Feridas;Plena noite;Decrescente;Ceu Claro;Múltipla;Reta;Urbano;4;4
226409;2007-05-09;Quarta;06:30:00;SP;116;161.7;JACAREI;Outras;Colisão traseira;Sem Vítimas;Amanhecer;Decrescente;Chuva;Dupla;Reta;Urbano;2;2
226491;2007-05-11;Sexta;20:00:00;SP;116;221.0;GUARULHOS;Falta de atenção;Colisão traseira;Sem Vítimas;Plena noite;Crescente;Nublado;Múltipla;Reta;Urbano;2;2
226493;2007-05-07;Segunda;18:50:00;SP;116;219.0;GUARULHOS;Falta de atenção;Colisão com bicicleta;Sem Vítimas;Plena noite;Crescente;Nublado;Múltipla;Reta;Urbano;2;2
226500;2007-05-12;Sábado;00:40:00;SP;116;122.7;CACAPAVA;Dormindo;Colisão traseira;Sem Vítimas;Plena noite;Crescente;Ceu Claro;Dupla;Reta;Rural;3;2
226508;2007-05-11;Sexta;20:49:00;SP;116;211.5;GUARULHOS;Outras;Colisão traseira;Com Vítimas Feridas;Plena noite;Crescente;Nublado;Múltipla;Reta;Urbano;4;3
226509;2007-05-10;Quinta;18:30:00;SP;116;228.0;SAO PAULO;Falta de atenção;Colisão traseira;Sem Vítimas;Anoitecer;Decrescente;Nublado;Múltipla;Reta;Urbano;4;4
226514;2007-05-11;Sexta;02:32:00;SP;116;216.2;GUARULHOS;Outras;Colisão traseira;Sem Vítimas;Plena noite;Decrescente;Nublado;Múltipla;Reta;Urbano;2;2
226580;2007-05-09;Quarta;00:30:00;SP;116;129.2;MAUA;Falta de atenção;Colisão com objeto fixo;Com Vítimas Feridas;Plena noite;Crescente;Chuva;Simples;Reta;Urbano;1;1
226609;2007-05-08;Terça;23:45:00;SP;116;129.0;CACAPAVA;Falta de atenção;Colisão lateral;Sem Vítimas;Plena noite;Crescente;Ceu Claro;Dupla;Reta;Urbano;2;2
226655;2007-05-09;Quarta;10:00:00;SP;116;219.0;GUARULHOS;Falta de atenção;Colisão lateral;Sem Vítimas;Pleno dia;Crescente;Ceu Claro;Múltipla;Reta;Urbano;2;2
226744;2007-05-12;Sábado;20:50:00;SP;116;215.0;GUARULHOS;Outras;Colisão lateral;Sem Vítimas;Plena noite;Decrescente;Ceu Claro;Múltipla;Reta;Urbano;2;2
226771;2007-05-12;Sábado;20:30:00;SP;116;114.6;TAUBATE;Falta de atenção;Queda de motocicleta / bicicleta / veículo;Sem Vítimas;Plena noite;Decrescente;Ceu Claro;Dupla;Reta;Urbano;1;1
226859;2007-05-11;Sexta;07:20:00;SP;116;169.0;JACAREI;Outras;Colisão lateral;Sem Vítimas;Amanhecer;Crescente;Ceu Claro;Dupla;Reta;Rural;2;2
226876;2007-05-13;Domingo;02:33:00;SP;116;168.9;JACAREI;Outras;Atropelamento de pessoa;Com Vítimas Fatais;Plena noite;Decrescente;Ceu Claro;Dupla;Reta;Rural;2;1
226951;2007-05-12;Sábado;17:10:00;SP;116;224.0;GUARULHOS;Falta de atenção;Colisão lateral;Sem Vítimas;Pleno dia;Crescente;Ceu Claro;Múltipla;Reta;Urbano;2;2
226966;2007-05-11;Sexta;22:00:00;SP;116;144.4;SAO JOSE DOS CAMPOS;Velocidade incompatível;Colisão traseira;Com Vítimas Feridas;Plena noite;Crescente;Ceu Claro;Múltipla;Reta;Urbano;3;3
227013;2007-05-08;Terça;17:20:00;SP;116;229.0;SAO PAULO;Falta de atenção;Colisão lateral;Com Vítimas Feridas;Anoitecer;Decrescente;Ceu Claro;Múltipla;Reta;Urbano;2;2
227214;2007-05-13;Domingo;15:55:00;SP;116;208.1;GUARULHOS;Outras;Colisão lateral;Sem Vítimas;Pleno dia;Decrescente;Sol;Dupla;Reta;Urbano;1;1
227325;2007-05-12;Sábado;20:40:00;SP;116;223.0;GUARULHOS;Outras;Colisão traseira;Com Vítimas Feridas;Plena noite;Crescente;Ceu Claro;Múltipla;Reta;Urbano;3;2
227373;2007-05-14;Segunda;04:45:00;SP;116;109.5;TAUBATE;Dormindo;Colisão traseira;Sem Vítimas;Plena noite;Decrescente;Ceu Claro;Dupla;Reta;Urbano;2;2
227385;2007-05-13;Domingo;11:50:00;SP;116;212.2;GUARULHOS;Falta de atenção;Colisão traseira;Com Vítimas Feridas;Pleno dia;Crescente;Sol;Múltipla;Reta;Urbano;2;2
227386;2007-05-13;Domingo;18:40:00;SP;116;229.6;SAO PAULO;Falta de atenção;Colisão traseira;Sem Vítimas;Plena noite;Crescente;Ceu Claro;Múltipla;Reta;Urbano;4;4
227410;2007-05-13;Domingo;18:55:00;SP;116;211.8;GUARULHOS;Falta de atenção;Colisão traseira;Sem Vítimas;Anoitecer;Crescente;Nublado;Múltipla;Reta;Urbano;2;2
227499;2007-05-12;Sábado;06:42:00;SP;116;216.5;GUARULHOS;Ingestão de álcool;Colisão traseira;Sem Vítimas;Pleno dia;Decrescente;Sol;Múltipla;Reta;Urbano;2;2
227540;2007-05-11;Sexta;13:10:00;SP;116;228.0;GUARULHOS;Falta de atenção;Colisão lateral;Sem Vítimas;Pleno dia;Decrescente;Ceu Claro;Múltipla;Reta;Urbano;3;3
227562;2007-05-11;Sexta;19:15:00;SP;116;146.5;SAO JOSE DOS CAMPOS;Outras;Colisão traseira;Sem Vítimas;Plena noite;Decrescente;Nublado;Dupla;Reta;Urbano;3;3
227596;2007-05-12;Sábado;08:15:00;SP;116;229.0;GUARULHOS;Falta de atenção;Colisão com objeto fixo;Sem Vítimas;Pleno dia;Crescente;Ceu Claro;Múltipla;Reta;Urbano;2;2
227626;2007-05-11;Sexta;16:50:00;SP;116;144.5;SAO JOSE DOS CAMPOS;Não guardar distância de segurança;Colisão traseira;Sem Vítimas;Pleno dia;Crescente;Ceu Claro;Dupla;Reta;Urbano;2;2
227661;2007-05-10;Quinta;07:50:00;SP;116;211.0;GUARULHOS;Falta de atenção;Colisão lateral;Sem Vítimas;Pleno dia;Crescente;Ceu Claro;Múltipla;Reta;Urbano;1;1
227678;2007-05-10;Quinta;11:15:00;SP;116;213.0;GUARULHOS;Velocidade incompatível;Colisão traseira;Sem Vítimas;Pleno dia;Decrescente;Ceu Claro;Múltipla;Reta;Urbano;2;2
227711;2007-05-14;Segunda;10:30:00;SP;116;216.3;GUARULHOS;Outras;Colisão traseira;Com Vítimas Feridas;Pleno dia;Crescente;Sol;Múltipla;Reta;Urbano;4;2
227726;2007-05-11;Sexta;19:30:00;SP;116;149.3;SAO JOSE DOS CAMPOS;Falta de atenção;Colisão traseira;Sem Vítimas;Plena noite;Crescente;Ceu Claro;Dupla;Reta;Urbano;2;2
227774;2007-05-14;Segunda;18:50:00;SP;116;117.7;TAUBATE;Outras;Queda de motocicleta / bicicleta / veículo;Com Vítimas Feridas;Anoitecer;Decrescente;Nublado;Dupla;Reta;Rural;2;1
227789;2007-05-13;Domingo;12:50:00;SP;116;144.4;SAO JOSE DOS CAMPOS;Falta de atenção;Colisão traseira;Sem Vítimas;Pleno dia;Crescente;Ceu Claro;Dupla;Reta;Rural;2;2
227818;2007-05-14;Segunda;16:42:00;SP;116;173.8;JACAREI;Outras;Capotamento;Com Vítimas Feridas;Pleno dia;Decrescente;Nublado;Dupla;Reta;Rural;2;2
227824;2007-05-12;Sábado;11:10:00;SP;116;222.0;GUARULHOS;Outras;Colisão traseira;Sem Vítimas;Pleno dia;Crescente;Sol;Múltipla;Reta;Rural;3;3
227843;2007-05-14;Segunda;14:30:00;SP;116;161.0;JACAREI;Outras;Colisão com objeto fixo;Com Vítimas Feridas;Pleno dia;Crescente;Ceu Claro;Simples;Reta;Urbano;1;1
227881;2007-05-12;Sábado;19:20:00;SP;116;217.0;GUARULHOS;Outras;Colisão traseira;Sem Vítimas;Pleno dia;Decrescente;Nublado;Múltipla;Reta;Urbano;1;1
227904;2007-05-12;Sábado;20:40:00;SP;116;223.3;GUARULHOS;Defeito mecânico em veículo;Colisão traseira;Sem Vítimas;Plena noite;Crescente;Ceu Claro;Múltipla;Reta;Urbano;3;3
227924;2007-05-11;Sexta;08:53:00;SP;116;122.5;CACAPAVA;Outras;Colisão com objeto fixo;Com Vítimas Feridas;Pleno dia;Decrescente;Sol;Dupla;Reta;Rural;1;1
227930;2007-05-12;Sábado;18:30:00;SP;116;198.5;ARUJA;Outras;Colisão com objeto móvel;Sem Vítimas;Plena noite;Crescente;Ceu Claro;Múltipla;Reta;Urbano;2;2
227940;2007-05-14;Segunda;17:40:00;SP;116;218.9;GUARULHOS;Falta de atenção;Colisão traseira;Sem Vítimas;Plena noite;Decrescente;Nublado;Múltipla;Reta;Urbano;4;4
228031;2007-05-13;Domingo;15:10:00;SP;116;229.5;SAO PAULO;Outras;Colisão com objeto fixo;Sem Vítimas;Pleno dia;Crescente;Ceu Claro;Múltipla;Reta;Urbano;2;2
228039;2007-05-10;Quinta;02:15:00;SP;116;161.0;JACAREI;Outras;Colisão lateral;Com Vítimas Feridas;Plena noite;Decrescente;Ceu Claro;Dupla;Reta;Rural;2;1
228063;2007-05-15;Terça;10:15:00;SP;116;139.0;SAO JOSE DOS CAMPOS;Outras;Colisão traseira;Sem Vítimas;Pleno dia;Crescente;Sol;Dupla;Reta;Rural;2;2
228079;2007-05-09;Quarta;18:59:00;SP;116;219.2;GUARULHOS;Defeito mecânico em veículo;Colisão traseira;Sem Vítimas;Plena noite;Decrescente;Nublado;Múltipla;Reta;Urbano;3;3
228184;2007-05-15;Terça;12:31:00;SP;116;138.8;SAO JOSE DOS CAMPOS;Outras;Colisão lateral;Sem Vítimas;Pleno dia;Decrescente;Sol;Dupla;Reta;Rural;3;3
228324;2007-02-15;Quinta;20:07:00;SP;116;132.9;CACAPAVA;Outras;Colisão traseira;Sem Vítimas;Plena noite;Decrescente;Ceu Claro;Dupla;Reta;Rural;2;2
228395;2007-05-13;Domingo;18:30:00;SP;116;229.6;SAO PAULO;Falta de atenção;Colisão traseira;Com Vítimas Fatais;Anoitecer;Crescente;Ceu Claro;Múltipla;Reta;Urbano;3;2
228405;2007-05-10;Quinta;01:05:00;SP;116;110.0;TAUBATE;Falta de atenção;Colisão lateral;Sem Vítimas;Amanhecer;Crescente;Ceu Claro;Dupla;Reta;Urbano;2;2
228433;2007-05-14;Segunda;09:15:00;SP;116;211.0;GUARULHOS;Falta de atenção;Colisão traseira;Sem Vítimas;Pleno dia;Crescente;Sol;Múltipla;Reta;Urbano;2;2
228615;2007-05-15;Terça;08:00:00;SP;116;145.0;SAO JOSE DOS CAMPOS;Outras;Colisão com objeto móvel;Com Vítimas Feridas;Pleno dia;Crescente;Sol;Dupla;Reta;Urbano;2;2
228650;2007-05-16;Quarta;04:30:00;SP;116;157.5;SAO JOSE DOS CAMPOS;Defeito mecânico em veículo;Colisão traseira;Com Vítimas Feridas;Plena noite;Crescente;Nublado;Dupla;Reta;Urbano;4;2
228651;2007-05-13;Domingo;01:30:00;SP;116;216.0;GUARULHOS;Dormindo;Colisão traseira;Sem Vítimas;Plena noite;Decrescente;Ceu Claro;Múltipla;Reta;Urbano;2;2
228664;2007-05-16;Quarta;19:30:00;SP;116;146.9;SAO JOSE DOS CAMPOS;Falta de atenção;Colisão traseira;Sem Vítimas;Plena noite;Decrescente;Ceu Claro;Dupla;Reta;Urbano;3;3
228674;2007-05-13;Domingo;12:30:00;SP;116;107.0;TAUBATE;Outras;Queda de motocicleta / bicicleta / veículo;Com Vítimas Feridas;Pleno dia;Decrescente;Ceu Claro;Dupla;Curva;Rural;2;1
228682;2007-05-16;Quarta;07:45:00;SP;116;158.0;JACAREI;Outras;Colisão traseira;Sem Vítimas;Pleno dia;Decrescente;Ceu Claro;Dupla;Reta;Urbano;4;4
228770;2007-05-16;Quarta;23:50:00;SP;116;221.0;GUARULHOS;Outras;Colisão lateral;Sem Vítimas;Plena noite;Crescente;Ceu Claro;Múltipla;Reta;Urbano;2;2
228777;2007-05-17;Quinta;04:35:00;SP;116;145.0;SAO JOSE DOS CAMPOS;Falta de atenção;Colisão traseira;Sem Vítimas;Plena noite;Decrescente;Ceu Claro;Dupla;Reta;Urbano;2;2
228833;2007-05-13;Domingo;23:20:00;SP;116;176.0;GUARAREMA;Outras;Saída de Pista;Sem Vítimas;Plena noite;Decrescente;Ceu Claro;Dupla;Reta;Rural;1;1
228889;2007-05-17;Quinta;09:15:00;SP;116;123.5;CACAPAVA;Outras;Saída de Pista;Sem Vítimas;Pleno dia;Decrescente;Ceu Claro;Dupla;Reta;Rural;1;1
228967;2007-05-13;Domingo;20:40:00;SP;116;169.0;JACAREI;Outras;Saída de Pista;Com Vítimas Feridas;Plena noite;Decrescente;Ceu Claro;Dupla;Reta;Rural;2;1
229016;2007-05-11;Sexta;06:30:00;SP;116;223.0;GUARULHOS;Falta de atenção;Queda de motocicleta / bicicleta / veículo;Com Vítimas Feridas;Amanhecer;Decrescente;Ceu Claro;Múltipla;Reta;Urbano;1;1
229019;2007-05-17;Quinta;02:20:00;SP;116;202.0;ARUJA;Dormindo;Colisão traseira;Sem Vítimas;Plena noite;Crescente;Nublado;Dupla;Reta;Urbano;2;2
229030;2007-05-17;Quinta;03:40:00;SP;116;212.0;GUARULHOS;Outras;Queda de motocicleta / bicicleta / veículo;Com Vítimas Feridas;Plena noite;Decrescente;Nublado;Múltipla;Reta;Urbano;1;1
229109;2007-05-15;Terça;18:30:00;SP;116;144.5;SAO JOSE DOS CAMPOS;Outras;Colisão traseira;Sem Vítimas;Plena noite;Crescente;Nublado;Dupla;Reta;Urbano;2;2
229160;2007-05-13;Domingo;21:00:00;SP;116;225.0;GUARULHOS;Outras;Colisão traseira;Sem Vítimas;Plena noite;Crescente;Ceu Claro;Múltipla;Reta;Urbano;2;2
229182;2007-05-17;Quinta;06:20:00;SP;116;229.2;SAO PAULO;Falta de atenção;Colisão Transversal;Sem Vítimas;Amanhecer;Crescente;Ceu Claro;Múltipla;Reta;Urbano;2;2
229241;2007-05-18;Sexta;05:10:00;SP;116;180.0;GUARAREMA;Falta de atenção;Colisão traseira;Sem Vítimas;Plena noite;Crescente;Nevoeiro/neblina;Múltipla;Reta;Rural;2;2
229243;2007-05-17;Quinta;08:55:00;SP;116;218.0;GUARULHOS;Falta de atenção;Colisão lateral;Com Vítimas Feridas;Pleno dia;Crescente;Ceu Claro;Múltipla;Reta;Urbano;2;1
229387;2007-05-17;Quinta;19:10:00;SP;116;214.0;GUARULHOS;Outras;Colisão traseira;Sem Vítimas;Plena noite;Decrescente;Ceu Claro;Múltipla;Reta;Urbano;2;2
229523;2007-05-18;Sexta;07:40:00;SP;116;101.0;PINDAMONHANGABA;Outras;Colisão traseira;Sem Vítimas;Pleno dia;Decrescente;Ceu Claro;Dupla;Reta;Rural;2;2
229556;2007-05-15;Terça;22:20:00;SP;116;220.8;GUARULHOS;Defeito mecânico em veículo;Colisão traseira;Com Vítimas Feridas;Plena noite;Decrescente;Ceu Claro;Múltipla;Reta;Urbano;2;2
229559;2007-05-16;Quarta;07:05:00;SP;116;222.0;GUARULHOS;Falta de atenção;Colisão traseira;Sem Vítimas;Pleno dia;Decrescente;Ceu Claro;Múltipla;Reta;Urbano;2;2
229684;2007-05-18;Sexta;15:25:00;SP;116;171.1;JACAREI;Outras;Queda de motocicleta / bicicleta / veículo;Com Vítimas Feridas;Pleno dia;Crescente;Nublado;Dupla;Curva;Rural;1;1
229697;2007-05-16;Quarta;13:45:00;SP;116;222.0;GUARULHOS;Outras;Colisão lateral;Sem Vítimas;Pleno dia;Decrescente;Ceu Claro;Múltipla;Reta;Urbano;2;2
229701;2007-05-18;Sexta;23:40:00;SP;116;228.1;SAO PAULO;Falta de atenção;Colisão lateral;Com Vítimas Fatais;Plena noite;Decrescente;Nublado;Múltipla;Reta;Urbano;2;2
229703;2007-05-18;Sexta;23:30:00;SP;116;223.0;GUARULHOS;Falta de atenção;Colisão lateral;Sem Vítimas;Plena noite;Decrescente;Nublado;Dupla;Reta;Urbano;2;2
229705;2007-05-19;Sábado;02:00:00;SP;116;223.0;GUARULHOS;Falta de atenção;Colisão traseira;Sem Vítimas;Plena noite;Decrescente;Nublado;Simples;Reta;Urbano;2;2
229709;2007-05-19;Sábado;04:00:00;SP;116;206.7;GUARULHOS;Outras;Colisão traseira;Sem Vítimas;Plena noite;Decrescente;Nublado;Dupla;Reta;Rural;2;2
229712;2007-05-17;Quinta;18:30:00;SP;116;147.2;SAO JOSE DOS CAMPOS;Não guardar distância de segurança;Colisão lateral;Com Vítimas Feridas;Anoitecer;Decrescente;Ceu Claro;Dupla;Reta;Urbano;2;2
229849;2007-05-16;Quarta;05:00:00;SP;116;217.0;GUARULHOS;Outras;Colisão com bicicleta;Com Vítimas Feridas;Plena noite;Decrescente;Nublado;Múltipla;Reta;Urbano;2;2
229908;2007-05-19;Sábado;14:50:00;SP;116;208.0;GUARULHOS;Velocidade incompatível;Saída de Pista;Com Vítimas Feridas;Pleno dia;Decrescente;Nublado;Dupla;Reta;Urbano;1;1
229958;2007-05-19;Sábado;16:00:00;SP;116;147.5;SAO JOSE DOS CAMPOS;Velocidade incompatível;Colisão lateral;Sem Vítimas;Anoitecer;Crescente;Chuva;Dupla;Curva;Urbano;2;2
229994;2007-05-19;Sábado;14:00:00;SP;116;186.0;SANTA ISABEL;Velocidade incompatível;Saída de Pista;Sem Vítimas;Pleno dia;Crescente;Chuva;Dupla;Reta;Rural;1;1
230051;2007-05-20;Domingo;01:40:00;SP;116;220.5;GUARULHOS;Outras;Colisão traseira;Sem Vítimas;Plena noite;Decrescente;Chuva;Múltipla;Reta;Urbano;2;2
230057;2007-05-19;Sábado;21:15:00;SP;116;99.6;PINDAMONHANGABA;Outras;Saída de Pista;Sem Vítimas;Plena noite;Decrescente;Nublado;Dupla;Reta;Urbano;1;1
230067;2007-05-20;Domingo;03:00:00;SP;116;216.8;GUARULHOS;Falta de atenção;Colisão com objeto fixo;Sem Vítimas;Plena noite;Decrescente;Chuva;Múltipla;Curva;Urbano;1;1
230209;2007-05-20;Domingo;12:50:00;SP;116;217.0;GUARULHOS;Falta de atenção;Colisão com objeto fixo;Sem Vítimas;Pleno dia;Crescente;Ceu Claro;Múltipla;Reta;Rural;1;1
230347;2007-05-19;Sábado;01:20:00;SP;116;104.5;TAUBATE;Defeito mecânico em veículo;Danos Eventuais;Sem Vítimas;Plena noite;Decrescente;Ceu Claro;Dupla;Reta;Rural;1;1
230358;2007-05-20;Domingo;19:30:00;SP;116;139.5;SAO JOSE DOS CAMPOS;Outras;Queda de motocicleta / bicicleta / veículo;Com Vítimas Feridas;Plena noite;Crescente;Ceu Claro;Dupla;Reta;Urbano;2;1
230376;2007-05-16;Quarta;14:00:00;SP;116;229.0;SAO PAULO;Falta de atenção;Colisão traseira;Sem Vítimas;Pleno dia;Crescente;Ceu Claro;Múltipla;Reta;Urbano;3;3
230389;2007-05-21;Segunda;01:10:00;SP;116;111.1;TAUBATE;Ingestão de álcool;Queda de motocicleta / bicicleta / veículo;Com Vítimas Feridas;Plena noite;Decrescente;Ceu Claro;Dupla;Reta;Urbano;1;1
230445;2007-05-21;Segunda;07:15:00;SP;116;141.7;SAO JOSE DOS CAMPOS;Outras;Queda de motocicleta / bicicleta / veículo;Com Vítimas Feridas;Pleno dia;Crescente;Ceu Claro;Dupla;Reta;Urbano;2;1
230507;2007-03-19;Segunda;04:08:00;SP;116;142.9;SAO JOSE DOS CAMPOS;Defeito mecânico em veículo;Colisão traseira;Com Vítimas Fatais;Plena noite;Crescente;Nublado;Dupla;Reta;Urbano;4;2
230538;2007-05-20;Domingo;06:00:00;SP;116;223.0;SAO PAULO;Outras;Colisão com objeto fixo;Sem Vítimas;Plena noite;Crescente;Chuva;Múltipla;Reta;Urbano;1;1
230565;2007-05-18;Sexta;04:50:00;SP;116;132.9;CACAPAVA;Falta de atenção;Colisão traseira;Com Vítimas Feridas;Plena noite;Decrescente;Nevoeiro/neblina;Dupla;Reta;Rural;8;6
230596;2007-05-19;Sábado;21:00:00;SP;116;108.5;TAUBATE;Falta de atenção;Colisão com objeto fixo;Sem Vítimas;Plena noite;Crescente;Nublado;Dupla;Reta;Urbano;1;1