id;data_inversa;dia_semana;horario;uf;br;km;municipio;causa_acidente;tipo_acidente;classificacao_acidente;fase_dia;sentido_via;condicao_metereologica;tipo_pista;tracado_via;uso_solo;pessoas;veiculos
230752;2007-05-18;Sexta;10:00:00;SP;116;221.0;GUARULHOS;Não guardar distância de segurança;Colisão traseira;Sem Vítimas;Pleno dia;Decrescente;Sol;Simples;Reta;Urbano;2;2
230865;2007-05-21;Segunda;16:30:00;SP;116;121.9;CACAPAVA;Falta de atenção;Colisão frontal;Sem Vítimas;Pleno dia;Crescente;Ceu Claro;Dupla;Reta;Rural;2;2
230868;2007-05-18;Sexta;22:30:00;SP;116;223.0;GUARULHOS;Outras;Colisão lateral;Sem Vítimas;Plena noite;Decrescente;Chuva;Múltipla;Reta;Urbano;3;3
230873;2007-05-19;Sábado;00:50:00;SP;116;228.2;SAO PAULO;Ingestão de álcool;Colisão traseira;Sem Vítimas;Plena noite;Decrescente;Ceu Claro;Múltipla;Reta;Urbano;2;2
230879;2007-05-20;Domingo;21:31:00;SP;116;112.0;TAUBATE;Falta de atenção;Colisão lateral;Com Vítimas Feridas;Plena noite;Crescente;Ceu Claro;Dupla;Reta;Urbano;3;2
230906;2007-05-21;Segunda;02:10:00;SP;116;221.0;GUARULHOS;Falta de atenção;Queda de motocicleta / bicicleta / veículo;Com Vítimas Feridas;Plena noite;Crescente;Ceu Claro;Múltipla;Reta;Urbano;2;1
230941;2007-05-21;Segunda;12:00:00;SP;116;213.2;GUARULHOS;Falta de atenção;Colisão traseira;Sem Vítimas;Pleno dia;Crescente;Sol;Múltipla;Reta;Urbano;3;3
230947;2007-05-19;Sábado;04:30:00;SP;116;104.4;TAUBATE;Dormindo;Colisão com objeto fixo;Sem Vítimas;Plena noite;Crescente;Ceu Claro;Dupla;Reta;Rural;1;1
231095;2007-05-21;Segunda;06:55:00;SP;116;229.0;SAO PAULO;Falta de atenção;Colisão traseira;Sem Vítimas;Amanhecer;Crescente;Nublado;Múltipla;Reta;Urbano;2;2
231101;2007-05-22;Terça;12:42:00;SP;116;128.0;CACAPAVA;Outras;Colisão lateral;Sem Vítimas;Pleno dia;Decrescente;Chuva;Dupla;Reta;Urbano;2;2
231114;2007-05-19;Sábado;06:05:00;SP;116;104.0;TAUBATE;Não guardar distância de segurança;Colisão traseira;Com Vítimas Feridas;Amanhecer;Decrescente;Ceu Claro;Dupla;Reta;Rural;3;2
231200;2007-05-21;Segunda;21:45:00;SP;116;225.5;GUARULHOS;Falta de atenção;Colisão traseira;Sem Vítimas;Plena noite;Crescente;Nublado;Múltipla;Reta;Urbano;2;2
231235;2007-05-22;Terça;18:40:00;SP;116;155.0;SAO JOSE DOS CAMPOS;Outras;Colisão lateral;Sem Vítimas;Plena noite;Crescente;Nublado;Dupla;Reta;Urbano;2;2
231250;2007-05-22;Terça;19:15:00;SP;116;143.0;SAO JOSE DOS CAMPOS;Outras;Colisão traseira;Sem Vítimas;Plena noite;Crescente;Nublado;Dupla;Reta;Urbano;3;3
231329;2007-05-22;Terça;17:25:00;SP;116;174.5;JACAREI;Outras;Colisão traseira;Com Vítimas Feridas;Anoitecer;Decrescente;Nublado;Simples;Reta;Urbano;3;2
231375;2007-05-23;Quarta;05:40:00;SP;116;211.4;GUARULHOS;Defeito mecânico em veículo;Colisão com objeto móvel;Sem Vítimas;Plena noite;Decrescente;Nublado;Múltipla;Reta;Urbano;2;2
231465;2007-05-21;Segunda;14:00:00;SP;116;150.6;SAO JOSE DOS CAMPOS;Desobediência à sinalização;Colisão lateral;Sem Vítimas;Pleno dia;Crescente;Sol;Dupla;Reta;Urbano;2;2
231526;2007-05-20;Domingo;00:15:00;SP;116;140.3;SAO JOSE DOS CAMPOS;Outras;Colisão lateral;Sem Vítimas;Plena noite;Crescente;Chuva;Dupla;Reta;Urbano;2;2
231693;2007-05-23;Quarta;18:00:00;SP;116;218.0;GUARULHOS;Outras;Colisão traseira;Sem Vítimas;Pleno dia;Decrescente;Chuva;Dupla;Reta;Urbano;2;2
231700;2007-05-23;Quarta;07:30:00;SP;116;212.0;GUARULHOS;Outras;Colisão traseira;Sem Vítimas;Pleno dia;Decrescente;Chuva;Múltipla;Reta;Urbano;2;2
231724;2007-05-23;Quarta;10:00:00;SP;116;127.9;CACAPAVA;Outras;Colisão com objeto fixo;Sem Vítimas;Pleno dia;Decrescente;Chuva;Dupla;Reta;Urbano;1;1
231901;2007-05-23;Quarta;18:30:00;SP;116;124.8;CACAPAVA;Falta de atenção;Colisão traseira;Com Vítimas Feridas;Plena noite;Crescente;Chuva;Dupla;Reta;Rural;6;4
231960;2007-05-21;Segunda;07:50:00;SP;116;218.8;GUARULHOS;Ultrapassagem indevida;Colisão lateral;Com Vítimas Feridas;Pleno dia;Crescente;Sol;Múltipla;Reta;Urbano;2;2
231978;2007-05-21;Segunda;14:50:00;SP;116;219.0;GUARULHOS;Velocidade incompatível;Colisão traseira;Sem Vítimas;Pleno dia;Crescente;Sol;Simples;Curva;Urbano;3;3
231996;2007-05-21;Segunda;17:52:00;SP;116;218.9;GUARULHOS;Não guardar distância de segurança;Colisão traseira;Sem Vítimas;Plena noite;Decrescente;Nublado;Múltipla;Reta;Urbano;2;2
232002;2007-05-22;Terça;13:00:00;SP;116;204.0;ARUJA;Outras;Colisão com objeto fixo;Sem Vítimas;Pleno dia;Crescente;Chuva;Dupla;Reta;Urbano;1;1
232024;2007-05-22;Terça;12:40:00;SP;116;219.0;GUARULHOS;Velocidade incompatível;Colisão lateral;Sem Vítimas;Pleno dia;Crescente;Ceu Claro;Múltipla;Cruzamento;Urbano;2;2
232131;2007-05-24;Quinta;10:30:00;SP;116;210.7;GUARULHOS;Outras;Colisão traseira;Sem Vítimas;Pleno dia;Crescente;Nublado;Múltipla;Reta;Urbano;2;2
232142;2007-05-24;Quinta;14:10:00;SP;116;127.0;CACAPAVA;Outras;Colisão lateral;Sem Vítimas;Pleno dia;Decrescente;Ceu Claro;Dupla;Reta;Urbano;2;2
232201;2007-05-24;Quinta;22:30:00;SP;116;123.0;CACAPAVA;Outras;Colisão com objeto móvel;Sem Vítimas;Plena noite;Decrescente;Ceu Claro;Dupla;Reta;Rural;2;2
232215;2007-05-24;Quinta;01:10:00;SP;116;193.1;SANTA ISABEL;Falta de atenção;Colisão traseira;Com Vítimas Feridas;Plena noite;Decrescente;Ceu Claro;Dupla;Reta;Rural;2;2
232220;2007-05-24;Quinta;22:45:00;SP;116;144.5;SAO JOSE DOS CAMPOS;Outras;Colisão traseira;Sem Vítimas;Plena noite;Decrescente;Ceu Claro;Dupla;Reta;Urbano;2;2
232229;2007-05-24;Quinta;22:10:00;SP;116;209.2;GUARULHOS;Outras;Colisão com objeto fixo;Com Vítimas Feridas;Plena noite;Crescente;Ceu Claro;Dupla;Reta;Urbano;2;1
232230;2007-05-24;Quinta;12:00:00;SP;116;139.3;SAO JOSE DOS CAMPOS;Outras;Colisão com objeto fixo;Sem Vítimas;Pleno dia;Crescente;Nublado;Dupla;Reta;Urbano;1;1
232257;2007-05-21;Segunda;16:30:00;SP;116;201.6;ARUJA;Falta de atenção;Colisão com objeto fixo;Sem Vítimas;Pleno dia;Crescente;Ceu Claro;Dupla;Cruzamento;Urbano;1;1
232319;2007-05-25;Sexta;07:45:00;SP;116;227.3;SAO PAULO;Falta de atenção;Colisão traseira;Sem Vítimas;Pleno dia;Crescente;Ceu Claro;Múltipla;Reta;Urbano;1;1
232330;2007-05-23;Quarta;18:50:00;SP;116;150.5;SAO JOSE DOS CAMPOS;Velocidade incompatível;Colisão traseira;Sem Vítimas;Plena noite;Crescente;Chuva;Dupla;Reta;Urbano;2;2
232336;2007-05-24;Quinta;06:30:00;SP;116;221.7;GUARULHOS;Falta de atenção;Colisão traseira;Sem Vítimas;Amanhecer;Crescente;Ceu Claro;Dupla;Reta;Urbano;3;3
232347;2007-05-22;Terça;18:10:00;SP;116;124.2;CACAPAVA;Outras;Colisão com bicicleta;Com Vítimas Feridas;Anoitecer;Crescente;Nublado;Dupla;Reta;Rural;3;3
232403;2007-05-24;Quinta;07:17:00;SP;116;137.1;SAO JOSE DOS CAMPOS;Não guardar distância de segurança;Colisão frontal;Sem Vítimas;Pleno dia;Crescente;Nublado;Dupla;Reta;Urbano;3;3
232439;2007-05-21;Segunda;09:50:00;SP;116;225.9;GUARULHOS;Falta de atenção;Colisão traseira;Sem Vítimas;Pleno dia;Crescente;Ceu Claro;Múltipla;Reta;Urbano;2;2
232449;2007-05-22;Terça;15:00:00;SP;116;228.0;SAO PAULO;Falta de atenção;Colisão traseira;Sem Vítimas;Pleno dia;Decrescente;Nublado;Múltipla;Reta;Urbano;3;3
232456;2007-05-23;Quarta;04:45:00;SP;116;131.6;CACAPAVA;Outras;Colisão traseira;Com Vítimas Fatais;Plena noite;Crescente;Nevoeiro/neblina;Dupla;Reta;Urbano;3;3
232659;2007-05-22;Terça;09:15:00;SP;116;219.0;GUARULHOS;Falta de atenção;Colisão traseira;Sem Vítimas;Pleno dia;Decrescente;Chuva;Múltipla;Curva;Urbano;2;2
232667;2007-05-22;Terça;19:40:00;SP;116;219.0;GUARULHOS;Falta de atenção;Colisão traseira;Sem Vítimas;Plena noite;Crescente;Nublado;Múltipla;Reta;Urbano;2;2
232694;2007-05-24;Quinta;22:40:00;SP;116;202.0;ARUJA;Falta de atenção;Colisão lateral;Sem Vítimas;Plena noite;Decrescente;Ceu Claro;Dupla;Reta;Rural;3;3
232709;2007-05-26;Sábado;04:26:00;SP;116;222.0;GUARULHOS;Falta de atenção;Colisão com objeto fixo;Sem Vítimas;Plena noite;Crescente;Ceu Claro;Múltipla;Reta;Urbano;1;1
232786;2007-05-22;Terça;16:10:00;SP;116;226.9;GUARULHOS;Falta de atenção;Colisão lateral;Sem Vítimas;Pleno dia;Crescente;Nublado;Múltipla;Reta;Urbano;2;2
232807;2007-05-26;Sábado;11:00:00;SP;116;145.0;SAO JOSE DOS CAMPOS;Outras;Colisão traseira;Sem Vítimas;Pleno dia;Crescente;Sol;Dupla;Reta;Urbano;2;2
232825;2007-05-24;Quinta;19:40:00;SP;116;225.0;GUARULHOS;Falta de atenção;Colisão lateral;Sem Vítimas;Anoitecer;Crescente;Ceu Claro;Múltipla;Reta;Urbano;2;2
232857;2007-05-26;Sábado;06:45:00;SP;116;204.5;ARUJA;Não guardar distância de segurança;Colisão traseira;Sem Vítimas;Amanhecer;Decrescente;Nublado;Dupla;Reta;Urbano;3;3
232874;2007-05-26;Sábado;10:26:00;SP;116;145.8;SAO JOSE DOS CAMPOS;Outras;Capotamento;Sem Vítimas;Pleno dia;Decrescente;Sol;Dupla;Reta;Urbano;2;2
232892;2007-05-26;Sábado;14:55:00;SP;116;112.0;TAUBATE;Outras;Colisão com objeto fixo;Sem Vítimas;Pleno dia;Decrescente;Ceu Claro;Dupla;Reta;Urbano;1;1
232903;2007-05-24;Quinta;14:50:00;SP;116;227.6;SAO PAULO;Falta de atenção;Colisão lateral;Sem Vítimas;Pleno dia;Decrescente;Ceu Claro;Múltipla;Reta;Urbano;2;2
232918;2007-05-25;Sexta;15:20:00;SP;116;229.6;SAO PAULO;Falta de atenção;Colisão traseira;Sem Vítimas;Pleno dia;Crescente;Ceu Claro;Múltipla;Reta;Urbano;3;3
232940;2007-05-25;Sexta;07:55:00;SP;116;151.5;SAO JOSE DOS CAMPOS;Falta de atenção;Colisão traseira;Sem Vítimas;Amanhecer;Decrescente;Ceu Claro;Dupla;Reta;Rural;3;3
233051;2007-05-24;Quinta;14:05:00;SP;116;227.5;SAO PAULO;Falta de atenção;Colisão com objeto fixo;Sem Vítimas;Pleno dia;Decrescente;Ceu Claro;Múltipla;Reta;Urbano;1;1
233059;2007-05-27;Domingo;02:30:00;SP;116;221.0;GUARULHOS;Falta de atenção;Colisão com objeto fixo;Sem Vítimas;Plena noite;Crescente;Ceu Claro;Múltipla;Reta;Urbano;1;1
233068;2007-05-23;Quarta;13:30:00;SP;116;227.0;GUARULHOS;Falta de atenção;Colisão Transversal;Sem Vítimas;Pleno dia;Decrescente;Chuva;Múltipla;Reta;Urbano;2;2
233152;2007-05-26;Sábado;17:15:00;SP;116;227.9;SAO PAULO;Outras;Atropelamento de pessoa;Com Vítimas Feridas;Pleno dia;Crescente;Ceu Claro;Múltipla;Reta;Urbano;3;2
233192;2007-05-27;Domingo;06:50:00;SP;116;222.0;GUARULHOS;Não guardar distância de segurança;Colisão lateral;Sem Vítimas;Pleno dia;Decrescente;Ceu Claro;Múltipla;Reta;Rural;1;1
233203;2007-05-25;Sexta;19:10:00;SP;116;145.5;SAO JOSE DOS CAMPOS;Falta de atenção;Colisão traseira;Sem Vítimas;Anoitecer;Decrescente;Ceu Claro;Dupla;Reta;Rural;3;3
233254;2007-05-27;Domingo;01:00:00;SP;116;131.7;CACAPAVA;Outras;Colisão com objeto fixo;Sem Vítimas;Plena noite;Crescente;Nublado;Dupla;Reta;Urbano;1;1
233255;2007-05-22;Terça;22:20:00;SP;116;229.0;SAO PAULO;Falta de atenção;Colisão lateral;Sem Vítimas;Plena noite;Crescente;Ceu Claro;Dupla;Reta;Urbano;2;2
233274;2007-05-25;Sexta;19:40:00;SP;116;227.9;SAO PAULO;Velocidade incompatível;Colisão traseira;Sem Vítimas;Plena noite;Crescente;Ceu Claro;Múltipla;Reta;Urbano;4;4
233288;2007-05-27;Domingo;06:17:00;SP;116;110.8;TAUBATE;Dormindo;Colisão com objeto fixo;Com Vítimas Feridas;Amanhecer;Decrescente;Ceu Claro;Dupla;Reta;Urbano;1;1
233340;2007-05-27;Domingo;13:35:00;SP;116;122.6;CACAPAVA;Outras;Colisão com objeto fixo;Com Vítimas Feridas;Pleno dia;Crescente;Nublado;Dupla;Reta;Rural;2;1
233376;2007-05-25;Sexta;13:55:00;SP;116;147.0;SAO JOSE DOS CAMPOS;Ultrapassagem indevida;Colisão lateral;Sem Vítimas;Plena noite;Decrescente;Sol;Dupla;Reta;Rural;2;2
233415;2007-05-27;Domingo;20:30:00;SP;116;151.8;SAO JOSE DOS CAMPOS;Outras;Colisão traseira;Com Vítimas Feridas;Plena noite;Decrescente;Ceu Claro;Dupla;Reta;Urbano;3;2
233447;2007-05-25;Sexta;18:40:00;SP;116;221.0;GUARULHOS;Falta de atenção;Colisão lateral;Com Vítimas Feridas;Plena noite;Decrescente;Ceu Claro;Múltipla;Reta;Urbano;2;2
233459;2007-05-27;Domingo;14:29:00;SP;116;113.0;TAUBATE;Outras;Colisão traseira;Sem Vítimas;Pleno dia;Crescente;Nublado;Simples;Reta;Urbano;3;2
233461;2007-05-26;Sábado;18:00:00;SP;116;226.0;GUARULHOS;Falta de atenção;Colisão traseira;Sem Vítimas;Anoitecer;Crescente;Ceu Claro;Múltipla;Reta;Urbano;2;2
233478;2007-05-27;Domingo;20:45:00;SP;116;212.0;GUARULHOS;Falta de atenção;Colisão frontal;Com Vítimas Fatais;Plena noite;Decrescente;Ceu Claro;Múltipla;Reta;Urbano;1;1
233619;2007-05-26;Sábado;18:10:00;SP;116;199.0;ARUJA;Outras;Colisão lateral;Sem Vítimas;Plena noite;Crescente;Ceu Claro;Dupla;Reta;Rural;1;1
233725;2007-05-27;Domingo;19:30:00;SP;116;214.0;GUARULHOS;Defeito mecânico em veículo;Atropelamento de pessoa;Com Vítimas Feridas;Plena noite;Crescente;Ceu Claro;Múltipla;Reta;Urbano;4;2
233758;2007-05-25;Sexta;07:58:00;SP;116;152.8;SAO JOSE DOS CAMPOS;Não guardar distância de segurança;Colisão traseira;Sem Vítimas;Pleno dia;Decrescente;Ceu Claro;Dupla;Reta;Urbano;2;2
233808;2007-05-25;Sexta;04:40:00;SP;116;226.0;GUARULHOS;Ingestão de álcool;Colisão com objeto fixo;Sem Vítimas;Plena noite;Decrescente;Nublado;Múltipla;Reta;Urbano;2;2
233813;2007-05-25;Sexta;17:30:00;SP;116;147.8;SAO JOSE DOS CAMPOS;Não guardar distância de segurança;Colisão traseira;Sem Vítimas;Anoitecer;Decrescente;Ceu Claro;Dupla;Reta;Urbano;2;2
233837;2007-05-25;Sexta;21:40:00;SP;116;226.5;GUARULHOS;Falta de atenção;Colisão com objeto fixo;Sem Vítimas;Plena noite;Crescente;Ceu Claro;Múltipla;Reta;Urbano;3;3
233868;2007-05-26;Sábado;06:40:00;SP;116;147.4;SAO JOSE DOS CAMPOS;Não guardar distância de segurança;Colisão lateral;Sem Vítimas;Amanhecer;Decrescente;Sol;Dupla;Reta;Urbano;2;2
233873;2007-05-28;Segunda;10:40:00;SP;116;176.3;GUARAREMA;Outras;Colisão traseira;Sem Vítimas;Pleno dia;Decrescente;Ceu Claro;Dupla;Reta;Urbano;2;2
233900;2007-05-28;Segunda;18:20:00;SP;116;146.0;SAO JOSE DOS CAMPOS;Outras;Colisão traseira;Com Vítimas Feridas;Plena noite;Decrescente;Ceu Claro;Dupla;Reta;Urbano;9;6
233930;2007-05-28;Segunda;18:40:00;SP;116;143.0;SAO JOSE DOS CAMPOS;Outras;Colisão traseira;Sem Vítimas;Plena noite;Crescente;Ceu Claro;Dupla;Reta;Urbano;2;2
233941;2007-05-25;Sexta;06:45:00;SP;116;228.8;SAO PAULO;Outras;Colisão lateral;Com Vítimas Feridas;Amanhecer;Crescente;Ceu Claro;Múltipla;Reta;Urbano;3;2
233951;2007-05-25;Sexta;19:00:00;SP;116;225.7;GUARULHOS;Falta de atenção;Colisão traseira;Sem Vítimas;Plena noite;Crescente;Ceu Claro;Múltipla;Reta;Urbano;3;3
234145;2007-05-26;Sábado;14:00:00;SP;116;221.0;GUARULHOS;Falta de atenção;Colisão traseira;Sem Vítimas;Pleno dia;Decrescente;Nublado;Simples;Reta;Urbano;2;2
234160;2007-05-26;Sábado;19:00:00;SP;116;222.0;GUARULHOS;Falta de atenção;Colisão traseira;Sem Vítimas;Plena noite;Decrescente;Nublado;Dupla;Reta;Urbano;2;2
234174;2007-05-28;Segunda;05:35:00;SP;116;212.0;GUARULHOS;Animais na Pista;Atropelamento de animal;Sem Vítimas;Amanhecer;Decrescente;Nublado;Múltipla;Reta;Urbano;1;1
234204;2007-05-25;Sexta;19:00:00;SP;116;219.0;GUARULHOS;Falta de atenção;Colisão traseira;Sem Vítimas;Anoitecer;Decrescente;Ceu Claro;Múltipla;Reta;Urbano;2;2
234225;2007-05-26;Sábado;06:50:00;SP;116;146.0;SAO JOSE DOS CAMPOS;Defeito mecânico em veículo;Colisão traseira;Sem Vítimas;Pleno dia;Decrescente;Nublado;Múltipla;Reta;Rural;2;2
234476;2007-05-27;Domingo;18:30:00;SP;116;229.0;GUARULHOS;Falta de atenção;Colisão traseira;Sem Vítimas;Plena noite;Crescente;Ceu Claro;Múltipla;Reta;Urbano;3;3
234506;2007-05-29;Terça;10:30:00;SP;116;210.0;GUARULHOS;Outras;Colisão traseira;Sem Vítimas;Pleno dia;Crescente;Sol;Dupla;Reta;Urbano;2;2
234546;2007-05-30;Quarta;09:45:00;SP;116;131.0;CACAPAVA;Outras;Colisão lateral;Sem Vítimas;Pleno dia;Decrescente;Nublado;Dupla;Reta;Urbano;2;2
234611;2007-05-29;Terça;14:35:00;SP;116;155.7;SAO JOSE DOS CAMPOS;Outras;Colisão traseira;Sem Vítimas;Plena noite;Decrescente;Nublado;Dupla;Reta;Rural;2;2
234693;2007-05-30;Quarta;19:40:00;SP;116;223.5;GUARULHOS;Defeito mecânico em veículo;Colisão traseira;Sem Vítimas;Plena noite;Decrescente;Nublado;Múltipla;Reta;Rural;3;3
234742;2007-05-28;Segunda;12:00:00;SP;116;213.0;GUARULHOS;Outras;Colisão com objeto móvel;Sem Vítimas;Pleno dia;Decrescente;Nublado;Múltipla;Reta;Urbano;1;1
234755;2007-05-30;Quarta;18:00:00;SP;116;158.0;JACAREI;Outras;Colisão com objeto móvel;Sem Vítimas;Anoitecer;Decrescente;Ceu Claro;Dupla;Reta;Urbano;2;2
234770;2007-05-31;Quinta;01:10:00;SP;116;206.0;GUARULHOS;Outras;Tombamento;Sem Vítimas;Amanhecer;Decrescente;Nublado;Múltipla;Reta;Urbano;1;1
234798;2007-05-30;Quarta;01:10:00;SP;116;218.0;GUARULHOS;Outras;Colisão lateral;Sem Vítimas;Plena noite;Decrescente;Nublado;Múltipla;Reta;Urbano;2;2
234831;2007-05-28;Segunda;23:15:00;SP;116;144.0;SAO JOSE DOS CAMPOS;Não guardar distância de segurança;Colisão traseira;Sem Vítimas;Plena noite;Crescente;Nublado;Dupla;Reta;Urbano;2;2
234873;2007-05-31;Quinta;08:15:00;SP;116;213.5;GUARULHOS;Falta de atenção;Colisão traseira;Sem Vítimas;Pleno dia;Decrescente;Nublado;Múltipla;Reta;Urbano;2;2
234898;2007-05-29;Terça;19:00:00;SP;116;146.6;SAO JOSE DOS CAMPOS;Não guardar distância de segurança;Colisão traseira;Sem Vítimas;Plena noite;Crescente;Ceu Claro;Dupla;Reta;Urbano;2;2
234931;2007-05-30;Quarta;18:10:00;SP;116;199.0;ARUJA;Outras;Colisão traseira;Sem Vítimas;Plena noite;Crescente;Nublado;Dupla;Reta;Urbano;2;2
234998;2007-05-30;Quarta;13:10:00;SP;116;219.0;GUARULHOS;Falta de atenção;Colisão com objeto fixo;Sem Vítimas;Pleno dia;Crescente;Nublado;Múltipla;Reta;Urbano;1;1
235053;2007-05-31;Quinta;18:50:00;SP;116;221.0;GUARULHOS;Falta de atenção;Colisão lateral;Sem Vítimas;Pleno dia;Decrescente;Ceu Claro;Dupla;Reta;Urbano;1;1
235080;2007-05-31;Quinta;18:05:00;SP;116;119.4;CACAPAVA;Outras;Queda de motocicleta / bicicleta / veículo;Com Vítimas Feridas;Anoitecer;Decrescente;Nublado;Dupla;Reta;Rural;1;1
235097;2007-05-27;Domingo;22:00:00;SP;116;157.1;SAO JOSE DOS CAMPOS;Dormindo;Colisão traseira;Com Vítimas Feridas;Plena noite;Crescente;Ceu Claro;Dupla;Reta;Urbano;3;2
235114;2007-05-31;Quinta;19:50:00;SP;116;220.0;GUARULHOS;Defeito mecânico em veículo;Colisão traseira;Sem Vítimas;Plena noite;Decrescente;Nublado;Múltipla;Reta;Rural;4;4
235141;2007-05-28;Segunda;07:00:00;SP;116;226.0;GUARULHOS;Falta de atenção;Colisão traseira;Sem Vítimas;Amanhecer;Crescente;Ceu Claro;Múltipla;Reta;Urbano;3;3
235248;2007-05-29;Terça;18:45:00;SP;116;227.6;SAO PAULO;Falta de atenção;Colisão lateral;Sem Vítimas;Plena noite;Decrescente;Nublado;Múltipla;Reta;Urbano;2;2
235255;2007-05-30;Quarta;18:20:00;SP;116;221.3;GUARULHOS;Velocidade incompatível;Colisão traseira;Sem Vítimas;Plena noite;Decrescente;Nublado;Múltipla;Reta;Urbano;3;3
235320;2007-05-31;Quinta;00:15:00;SP;116;229.0;SAO PAULO;Outras;Colisão com objeto fixo;Sem Vítimas;Plena noite;Crescente;Chuva;Múltipla;Reta;Urbano;1;1
235382;2007-05-31;Quinta;17:31:00;SP;116;142.9;SAO JOSE DOS CAMPOS;Falta de atenção;Colisão traseira;Sem Vítimas;Anoitecer;Crescente;Ceu Claro;Dupla;Reta;Urbano;3;3
235466;2007-06-01;Sexta;17:50:00;SP;116;145.5;SAO JOSE DOS CAMPOS;Outras;Colisão traseira;Sem Vítimas;Anoitecer;Decrescente;Ceu Claro;Dupla;Reta;Urbano;4;4
235486;2007-05-28;Segunda;09:00:00;SP;116;146.0;SAO JOSE DOS CAMPOS;Outras;Colisão lateral;Com Vítimas Feridas;Pleno dia;Decrescente;Ceu Claro;Dupla;Reta;Urbano;1;1
235493;2007-05-31;Quinta;16:30:00;SP;116;157.0;SAO JOSE DOS CAMPOS;Outras;Queda de motocicleta / bicicleta / veículo;Com Vítimas Feridas;Pleno dia;Decrescente;Ceu Claro;Dupla;Reta;Urbano;1;1
235536;2007-06-01;Sexta;21:30:00;SP;116;214.0;GUARULHOS;Falta de atenção;Colisão traseira;Sem Vítimas;Plena noite;Decrescente;Nublado;Múltipla;Reta;Urbano;3;3
235558;2007-06-01;Sexta;18:10:00;SP;116;117.8;TAUBATE;Outras;Capotamento;Com Vítimas Feridas;Anoitecer;Decrescente;Ceu Claro;Dupla;Reta;Rural;1;1
235592;2007-06-01;Sexta;20:45:00;SP;116;139.0;SAO JOSE DOS CAMPOS;Animais na Pista;Atropelamento de animal;Com Vítimas Feridas;Plena noite;Crescente;Ceu Claro;Dupla;Reta;Rural;4;2
235605;2007-06-02;Sábado;00:05:00;SP;116;212.5;GUARULHOS;Ingestão de álcool;Colisão traseira;Sem Vítimas;Plena noite;Decrescente;Ceu Claro;Múltipla;Reta;Urbano;2;2
235609;2007-06-01;Sexta;23:50:00;SP;116;211.9;GUARULHOS;Outras;Atropelamento de pessoa;Com Vítimas Fatais;Plena noite;Crescente;Nublado;Múltipla;Reta;Urbano;2;1
235630;2007-06-01;Sexta;18:05:00;SP;116;141.1;SAO JOSE DOS CAMPOS;Outras;Atropelamento de pessoa;Com Vítimas Fatais;Plena noite;Decrescente;Ceu Claro;Dupla;Reta;Urbano;2;1
235646;2007-06-02;Sábado;05:15:00;SP;116;211.0;GUARULHOS;Dormindo;Colisão traseira;Sem Vítimas;Amanhecer;Decrescente;Chuva;Múltipla;Reta;Urbano;2;2
235699;2007-06-02;Sábado;07:55:00;SP;116;221.0;GUARULHOS;Falta de atenção;Colisão lateral;Sem Vítimas;Pleno dia;Decrescente;Chuva;Múltipla;Reta;Urbano;2;2
235738;2007-06-02;Sábado;13:00:00;SP;116;141.0;SAO JOSE DOS CAMPOS;Falta de atenção;Colisão com objeto fixo;Sem Vítimas;Pleno dia;Crescente;Chuva;Dupla;Reta;Urbano;1;1
235750;2007-06-02;Sábado;13:15:00;SP;116;227.0;GUARULHOS;Falta de atenção;Colisão traseira;Sem Vítimas;Pleno dia;Crescente;Chuva;Dupla;Reta;Urbano;2;2
235911;2007-06-02;Sábado;17:50:00;SP;116;111.0;TAUBATE;Falta de atenção;Colisão traseira;Sem Vítimas;Anoitecer;Crescente;Chuva;Dupla;Reta;Urbano;2;2
236031;2007-05-31;Quinta;06:45:00;SP;116;157.5;SAO JOSE DOS CAMPOS;Outras;Colisão traseira;Sem Vítimas;Anoitecer;Crescente;Nevoeiro/neblina;Dupla;Reta;Urbano;2;2
236036;2007-05-30;Quarta;18:05:00;SP;116;158.0;JACAREI;Outras;Colisão lateral;Sem Vítimas;Anoitecer;Decrescente;Ceu Claro;Simples;Reta;Urbano;3;3
236038;2007-05-31;Quinta;01:48:00;SP;116;117.3;TAUBATE;Dormindo;Colisão traseira;Com Vítimas Feridas;Plena noite;Decrescente;Ceu Claro;Dupla;Reta;Urbano;2;2
236040;2007-05-30;Quarta;21:19:00;SP;116;139.3;SAO JOSE DOS CAMPOS;Outras;Colisão lateral;Sem Vítimas;Plena noite;Decrescente;Ceu Claro;Dupla;Reta;Urbano;2;2
236065;2007-06-01;Sexta;01:00:00;SP;116;222.5;GUARULHOS;Falta de atenção;Colisão com objeto fixo;Sem Vítimas;Plena noite;Decrescente;Ceu Claro;Múltipla;Reta;Urbano;1;1