id;data_inversa;dia_semana;horario;uf;br;km;municipio;causa_acidente;tipo_acidente;classificacao_acidente;fase_dia;sentido_via;condicao_metereologica;tipo_pista;tracado_via;uso_solo;pessoas;veiculos
246932;2007-06-29;Sexta;10:40:00;SP;116;106.0;TAUBATE;Outras;Colisão lateral;Sem Vítimas;Pleno dia;Decrescente;Sol;Dupla;Reta;Urbano;2;2
246945;2007-06-29;Sexta;17:00:00;SP;116;180.0;GUARAREMA;Velocidade incompatível;Colisão lateral;Sem Vítimas;Pleno dia;Crescente;Nublado;Dupla;Reta;Urbano;2;2
246994;2007-06-29;Sexta;20:08:00;SP;116;226.5;GUARULHOS;Falta de atenção;Colisão traseira;Com Vítimas Feridas;Plena noite;Decrescente;Ceu Claro;Múltipla;Reta;Urbano;2;2
247024;2007-06-30;Sábado;00:40:00;SP;116;130.7;CACAPAVA;Falta de atenção;Colisão com objeto fixo;Sem Vítimas;Plena noite;Crescente;Nublado;Dupla;Reta;Urbano;2;2
247029;2007-06-29;Sexta;23:00:00;SP;116;227.0;GUARULHOS;Velocidade incompatível;Colisão lateral;Sem Vítimas;Plena noite;Crescente;Nevoeiro/neblina;Múltipla;Reta;Urbano;3;3
247050;2007-06-29;Sexta;20:50:00;SP;116;222.0;GUARULHOS;Outras;Colisão traseira;Sem Vítimas;Plena noite;Decrescente;Ceu Claro;Dupla;Reta;Urbano;2;2
247126;2007-06-30;Sábado;07:00:00;SP;116;99.8;PINDAMONHANGABA;Dormindo;Capotamento;Com Vítimas Feridas;Amanhecer;Decrescente;Ceu Claro;Dupla;Reta;Rural;1;1
247152;2007-06-28;Quinta;09:45:00;SP;116;229.0;SAO PAULO;Falta de atenção;Colisão traseira;Sem Vítimas;Pleno dia;Crescente;Ceu Claro;Múltipla;Reta;Urbano;3;3
247166;2007-06-28;Quinta;19:30:00;SP;116;229.0;SAO PAULO;Falta de atenção;Colisão traseira;Sem Vítimas;Plena noite;Decrescente;Nublado;Múltipla;Reta;Urbano;3;3
247190;2007-06-28;Quinta;09:30:00;SP;116;107.9;TAUBATE;Velocidade incompatível;Colisão com objeto fixo;Com Vítimas Feridas;Pleno dia;Decrescente;Nublado;Dupla;Reta;Urbano;3;1
247235;2007-06-28;Quinta;21:15:00;SP;116;223.5;GUARULHOS;Falta de atenção;Colisão lateral;Sem Vítimas;Plena noite;Crescente;Chuva;Múltipla;Reta;Urbano;2;2
247331;2007-06-29;Sexta;23:00:00;SP;116;209.0;GUARULHOS;Outras;Colisão lateral;Sem Vítimas;Plena noite;Decrescente;Nevoeiro/neblina;Dupla;Reta;Urbano;2;2
247446;2007-06-30;Sábado;20:00:00;SP;116;219.0;GUARULHOS;Falta de atenção;Colisão com objeto fixo;Sem Vítimas;Plena noite;Crescente;Ceu Claro;Simples;Curva;Urbano;1;1
247463;2007-06-29;Sexta;07:07:00;SP;116;220.0;GUARULHOS;Falta de atenção;Colisão traseira;Sem Vítimas;Amanhecer;Decrescente;Nublado;Múltipla;Reta;Urbano;3;3
247502;2007-06-28;Quinta;01:45:00;SP;116;135.5;SAO JOSE DOS CAMPOS;Outras;Colisão traseira;Com Vítimas Feridas;Plena noite;Decrescente;Ceu Claro;Dupla;Reta;Urbano;3;2
247521;2007-06-28;Quinta;19:10:00;SP;116;155.1;SAO JOSE DOS CAMPOS;Velocidade incompatível;Colisão traseira;Sem Vítimas;Plena noite;Decrescente;Nublado;Dupla;Reta;Urbano;2;2
247557;2007-06-30;Sábado;05:19:00;SP;116;114.7;TAUBATE;Dormindo;Capotamento;Com Vítimas Feridas;Plena noite;Crescente;Nublado;Dupla;Reta;Urbano;1;1
247565;2007-06-28;Quinta;09:30:00;SP;116;228.0;SAO PAULO;Não guardar distância de segurança;Colisão traseira;Sem Vítimas;Pleno dia;Crescente;Ceu Claro;Múltipla;Reta;Urbano;1;1
247581;2007-06-28;Quinta;17:00:00;SP;116;228.0;SAO PAULO;Outras;Colisão com objeto móvel;Sem Vítimas;Pleno dia;Decrescente;Ceu Claro;Múltipla;Reta;Urbano;1;1
247585;2007-06-28;Quinta;14:40:00;SP;116;214.5;GUARULHOS;Falta de atenção;Colisão lateral;Sem Vítimas;Pleno dia;Crescente;Ceu Claro;Múltipla;Reta;Urbano;2;2
247601;2007-06-30;Sábado;01:09:00;SP;116;207.3;GUARULHOS;Outras;Colisão lateral;Sem Vítimas;Plena noite;Crescente;Nevoeiro/neblina;Dupla;Reta;Urbano;4;4
247639;2007-06-29;Sexta;22:10:00;SP;116;209.0;GUARULHOS;Outras;Colisão lateral;Sem Vítimas;Plena noite;Decrescente;Nevoeiro/neblina;Dupla;Reta;Urbano;2;2
247645;2007-06-28;Quinta;23:15:00;SP;116;155.0;SAO JOSE DOS CAMPOS;Velocidade incompatível;Colisão com objeto fixo;Sem Vítimas;Plena noite;Decrescente;Nublado;Dupla;Curva;Urbano;1;1
247747;2007-06-26;Terça;08:20:00;SP;116;228.0;SAO PAULO;Outras;Colisão lateral;Com Vítimas Feridas;Pleno dia;Crescente;Ceu Claro;Múltipla;Reta;Urbano;3;2
247782;2007-07-01;Domingo;23:10:00;SP;116;223.0;GUARULHOS;Outras;Colisão lateral;Sem Vítimas;Plena noite;Crescente;Nevoeiro/neblina;Múltipla;Reta;Urbano;2;2
247869;2007-06-29;Sexta;15:00:00;SP;116;223.6;GUARULHOS;Outras;Colisão com objeto fixo;Com Vítimas Feridas;Pleno dia;Decrescente;Sol;Múltipla;Reta;Urbano;1;1
247952;2007-06-29;Sexta;23:10:00;SP;116;146.0;SAO JOSE DOS CAMPOS;Outras;Colisão traseira;Com Vítimas Feridas;Plena noite;Crescente;Ceu Claro;Dupla;Reta;Urbano;5;4
248061;2007-06-27;Quarta;10:43:00;SP;116;165.0;JACAREI;Outras;Colisão traseira;Sem Vítimas;Plena noite;Decrescente;Ceu Claro;Dupla;Reta;Urbano;3;3
248234;2007-06-28;Quinta;12:40:00;SP;116;217.0;GUARULHOS;Outras;Colisão traseira;Sem Vítimas;Pleno dia;Decrescente;Ceu Claro;Múltipla;Reta;Urbano;2;2
248257;2007-07-02;Segunda;19:00:00;SP;116;213.6;GUARULHOS;Outras;Colisão lateral;Sem Vítimas;Plena noite;Crescente;Nublado;Múltipla;Reta;Urbano;2;2
248317;2007-06-28;Quinta;22:45:00;SP;116;176.4;GUARAREMA;Outras;Colisão com objeto fixo;Sem Vítimas;Plena noite;Decrescente;Chuva;Dupla;Reta;Rural;1;1
248338;2007-06-30;Sábado;05:25:00;SP;116;114.6;TAUBATE;Falta de atenção;Colisão lateral;Sem Vítimas;Amanhecer;Crescente;Nevoeiro/neblina;Dupla;Reta;Urbano;2;2
248567;2007-06-29;Sexta;13:30:00;SP;116;219.0;GUARULHOS;Outras;Queda de motocicleta / bicicleta / veículo;Com Vítimas Feridas;Pleno dia;Decrescente;Ceu Claro;Múltipla;Curva;Urbano;1;1
248606;2007-07-01;Domingo;10:30:00;SP;116;221.0;GUARULHOS;Outras;Colisão com objeto fixo;Ignorado;Pleno dia;Decrescente;Sol;Dupla;Reta;Urbano;1;1
248611;2007-07-01;Domingo;16:50:00;SP;116;228.0;SAO PAULO;Falta de atenção;Colisão lateral;Sem Vítimas;Pleno dia;Decrescente;Sol;Múltipla;Reta;Urbano;2;2
248615;2007-07-03;Terça;20:30:00;SP;116;222.5;GUARULHOS;Falta de atenção;Colisão traseira;Com Vítimas Feridas;Plena noite;Crescente;Ceu Claro;Múltipla;Reta;Urbano;4;3
248734;2007-06-30;Sábado;02:30:00;SP;116;189.0;SANTA ISABEL;Outras;Incêndio;Sem Vítimas;Plena noite;Crescente;Ceu Claro;Dupla;Reta;Urbano;1;1
248898;2007-07-04;Quarta;18:40:00;SP;116;136.0;SAO JOSE DOS CAMPOS;Falta de atenção;Colisão com objeto fixo;Sem Vítimas;Plena noite;Decrescente;Ceu Claro;Dupla;Reta;Rural;1;1
248930;2007-03-17;Sábado;07:35:00;SP;116;220.0;GUARULHOS;Outras;Colisão traseira;Sem Vítimas;Pleno dia;Crescente;Ceu Claro;Múltipla;Reta;Urbano;3;3
248936;2007-07-04;Quarta;20:30:00;SP;116;215.5;GUARULHOS;Outras;Incêndio;Sem Vítimas;Plena noite;Crescente;Nublado;Múltipla;Reta;Urbano;1;1
248969;2007-07-04;Quarta;19:20:00;SP;116;229.0;SAO PAULO;Falta de atenção;Colisão lateral;Sem Vítimas;Plena noite;Crescente;Ceu Claro;Múltipla;Reta;Urbano;3;3
248992;2007-07-04;Quarta;05:10:00;SP;116;212.0;GUARULHOS;Defeito mecânico em veículo;Colisão traseira;Sem Vítimas;Plena noite;Crescente;Nevoeiro/neblina;Múltipla;Reta;Urbano;1;1
249001;2007-07-04;Quarta;05:10:00;SP;116;212.0;GUARULHOS;Falta de atenção;Colisão lateral;Sem Vítimas;Plena noite;Crescente;Nevoeiro/neblina;Múltipla;Reta;Urbano;5;4
249017;2007-07-05;Quinta;02:30:00;SP;116;139.4;SAO JOSE DOS CAMPOS;Velocidade incompatível;Colisão com objeto fixo;Sem Vítimas;Plena noite;Decrescente;Ceu Claro;Dupla;Reta;Urbano;1;1
249037;2007-07-02;Segunda;13:30:00;SP;116;155.8;SAO JOSE DOS CAMPOS;Velocidade incompatível;Colisão com objeto fixo;Com Vítimas Feridas;Pleno dia;Decrescente;Sol;Simples;Reta;Urbano;1;1
249056;2007-07-01;Domingo;18:45:00;SP;116;129.0;CACAPAVA;Defeito mecânico em veículo;Colisão traseira;Sem Vítimas;Anoitecer;Decrescente;Ceu Claro;Dupla;Reta;Rural;3;3
249066;2007-07-05;Quinta;04:00:00;SP;116;179.7;GUARAREMA;Outras;Colisão traseira;Sem Vítimas;Plena noite;Decrescente;Ceu Claro;Dupla;Reta;Rural;2;2
249140;2007-07-04;Quarta;14:20:00;SP;116;219.0;GUARULHOS;Falta de atenção;Colisão traseira;Sem Vítimas;Pleno dia;Crescente;Ceu Claro;Múltipla;Reta;Urbano;2;2
249154;2007-07-05;Quinta;08:00:00;SP;116;144.0;SAO JOSE DOS CAMPOS;Não guardar distância de segurança;Colisão traseira;Sem Vítimas;Pleno dia;Crescente;Sol;Dupla;Reta;Urbano;2;2
249220;2007-07-04;Quarta;19:40:00;SP;116;227.0;GUARULHOS;Falta de atenção;Colisão Transversal;Com Vítimas Feridas;Plena noite;Crescente;Ceu Claro;Múltipla;Curva;Urbano;2;2
249251;2007-07-05;Quinta;16:40:00;SP;116;148.4;SAO JOSE DOS CAMPOS;Outras;Colisão frontal;Com Vítimas Feridas;Pleno dia;Decrescente;Sol;Dupla;Reta;Urbano;2;2
249299;2007-07-04;Quarta;09:15:00;SP;116;156.6;SAO JOSE DOS CAMPOS;Falta de atenção;Colisão traseira;Sem Vítimas;Amanhecer;Decrescente;Ceu Claro;Dupla;Reta;Rural;2;2
249383;2007-07-06;Sexta;04:00:00;SP;116;113.3;TAUBATE;Outras;Colisão com objeto fixo;Sem Vítimas;Plena noite;Decrescente;Ceu Claro;Dupla;Reta;Urbano;1;1
249397;2007-07-06;Sexta;05:00:00;SP;116;145.5;SAO JOSE DOS CAMPOS;Outras;Colisão lateral;Sem Vítimas;Plena noite;Crescente;Ceu Claro;Dupla;Reta;Urbano;2;2
249458;2007-07-06;Sexta;04:00:00;SP;116;113.0;TAUBATE;Outras;Colisão com objeto fixo;Sem Vítimas;Plena noite;Decrescente;Ceu Claro;Dupla;Reta;Urbano;1;1
249501;2007-07-04;Quarta;07:20:00;SP;116;214.0;GUARULHOS;Falta de atenção;Colisão traseira;Sem Vítimas;Pleno dia;Crescente;Ceu Claro;Múltipla;Reta;Rural;2;2
249514;2007-07-04;Quarta;11:15:00;SP;116;212.4;GUARULHOS;Falta de atenção;Colisão traseira;Com Vítimas Feridas;Pleno dia;Crescente;Sol;Múltipla;Reta;Urbano;2;2
249569;2007-07-04;Quarta;10:15:00;SP;116;222.2;GUARULHOS;Defeito mecânico em veículo;Danos Eventuais;Sem Vítimas;Pleno dia;Crescente;Ceu Claro;Múltipla;Reta;Urbano;2;1
249608;2007-07-06;Sexta;10:30:00;SP;116;195.0;ARUJA;Falta de atenção;Colisão traseira;Sem Vítimas;Pleno dia;Crescente;Ceu Claro;Múltipla;Reta;Urbano;2;2
249710;2007-07-02;Segunda;13:40:00;SP;116;218.0;GUARULHOS;Falta de atenção;Colisão lateral;Sem Vítimas;Pleno dia;Decrescente;Ceu Claro;Múltipla;Reta;Urbano;3;3
249726;2007-07-06;Sexta;20:30:00;SP;116;204.0;ARUJA;Falta de atenção;Colisão com objeto fixo;Sem Vítimas;Plena noite;Decrescente;Ceu Claro;Múltipla;Reta;Urbano;1;1
249800;2007-07-06;Sexta;20:00:00;SP;116;227.0;GUARULHOS;Velocidade incompatível;Capotamento;Com Vítimas Feridas;Plena noite;Crescente;Ceu Claro;Múltipla;Reta;Urbano;1;1
249807;2007-07-07;Sábado;01:30:00;SP;116;197.5;ARUJA;Falta de atenção;Derramamento de Carga;Sem Vítimas;Plena noite;Crescente;Ceu Claro;Múltipla;Reta;Rural;1;1
249865;2007-07-07;Sábado;01:00:00;SP;116;211.0;GUARULHOS;Falta de atenção;Colisão traseira;Com Vítimas Feridas;Plena noite;Decrescente;Ceu Claro;Múltipla;Reta;Urbano;2;2
249901;2007-07-06;Sexta;23:30:00;SP;116;187.3;SANTA ISABEL;Velocidade incompatível;Colisão com objeto fixo;Sem Vítimas;Plena noite;Decrescente;Ceu Claro;Dupla;Curva;Rural;2;2
249902;2007-07-05;Quinta;10:20:00;SP;116;220.0;GUARULHOS;Outras;Queda de motocicleta / bicicleta / veículo;Com Vítimas Feridas;Pleno dia;Decrescente;Sol;Múltipla;Reta;Urbano;2;2
249912;2007-07-05;Quinta;08:10:00;SP;116;224.0;GUARULHOS;Falta de atenção;Colisão traseira;Sem Vítimas;Pleno dia;Crescente;Ceu Claro;Múltipla;Reta;Rural;4;4
249965;2007-07-02;Segunda;11:15:00;SP;116;165.0;JACAREI;Outras;Colisão traseira;Sem Vítimas;Pleno dia;Crescente;Ceu Claro;Múltipla;Reta;Rural;2;2
249978;2007-07-06;Sexta;08:00:00;SP;116;224.0;GUARULHOS;Falta de atenção;Colisão lateral;Com Vítimas Feridas;Pleno dia;Decrescente;Ceu Claro;Múltipla;Reta;Urbano;3;3
250016;2007-07-06;Sexta;18:45:00;SP;116;227.0;GUARULHOS;Não guardar distância de segurança;Colisão traseira;Sem Vítimas;Plena noite;Decrescente;Ceu Claro;Múltipla;Reta;Urbano;4;4
250067;2007-07-07;Sábado;17:10:00;SP;116;103.1;TAUBATE;Outras;Colisão com objeto fixo;Sem Vítimas;Pleno dia;Decrescente;Ceu Claro;Dupla;Reta;Rural;1;1
250137;2007-07-04;Quarta;10:45:00;SP;116;206.0;GUARULHOS;Falta de atenção;Colisão lateral;Sem Vítimas;Pleno dia;Crescente;Sol;Dupla;Reta;Urbano;2;2
250202;2007-07-05;Quinta;07:00:00;SP;116;219.0;GUARULHOS;Falta de atenção;Colisão traseira;Com Vítimas Feridas;Amanhecer;Crescente;Ceu Claro;Múltipla;Reta;Urbano;2;2
250269;2007-07-08;Domingo;07:20:00;SP;116;224.0;GUARULHOS;Falta de atenção;Colisão lateral;Com Vítimas Feridas;Pleno dia;Decrescente;Sol;Múltipla;Reta;Urbano;4;3
250289;2007-07-08;Domingo;08:20:00;SP;116;157.0;SAO JOSE DOS CAMPOS;Não guardar distância de segurança;Colisão traseira;Sem Vítimas;Plena noite;Decrescente;Sol;Dupla;Reta;Urbano;2;2
250366;2007-07-06;Sexta;04:45:00;SP;116;143.0;SAO JOSE DOS CAMPOS;Outras;Colisão com objeto fixo;Com Vítimas Feridas;Plena noite;Crescente;Ceu Claro;Múltipla;Reta;Urbano;2;2
250368;2007-07-06;Sexta;21:50:00;SP;116;146.5;SAO JOSE DOS CAMPOS;Outras;Colisão traseira;Com Vítimas Fatais;Plena noite;Decrescente;Ceu Claro;Múltipla;Reta;Urbano;10;5
250372;2007-07-08;Domingo;15:30:00;SP;116;197.7;GUARULHOS;Falta de atenção;Colisão traseira;Com Vítimas Feridas;Pleno dia;Crescente;Nublado;Dupla;Reta;Rural;2;2
250398;2007-07-08;Domingo;07:05:00;SP;116;137.3;SAO JOSE DOS CAMPOS;Não guardar distância de segurança;Colisão traseira;Com Vítimas Feridas;Pleno dia;Decrescente;Ceu Claro;Dupla;Reta;Rural;5;3
250442;2007-07-08;Domingo;17:50:00;SP;116;146.0;SAO JOSE DOS CAMPOS;Outras;Colisão lateral;Com Vítimas Feridas;Anoitecer;Crescente;Ceu Claro;Dupla;Reta;Urbano;3;2
250565;2007-07-08;Domingo;08:05:00;SP;116;138.4;SAO JOSE DOS CAMPOS;Outras;Colisão com objeto fixo;Sem Vítimas;Pleno dia;Decrescente;Sol;Dupla;Reta;Rural;1;1
250580;2007-07-08;Domingo;19:40:00;SP;116;173.0;JACAREI;Outras;Queda de motocicleta / bicicleta / veículo;Com Vítimas Feridas;Plena noite;Crescente;Ceu Claro;Simples;Curva;Rural;2;1
250660;2007-07-05;Quinta;21:20:00;SP;116;183.9;SANTA ISABEL;Outras;Colisão traseira;Com Vítimas Feridas;Plena noite;Crescente;Ceu Claro;Dupla;Reta;Rural;2;2
250699;2007-07-06;Sexta;19:25:00;SP;116;189.0;SANTA ISABEL;Outras;Queda de motocicleta / bicicleta / veículo;Com Vítimas Feridas;Plena noite;Decrescente;Ceu Claro;Dupla;Reta;Rural;1;1
250712;2007-07-05;Quinta;19:00:00;SP;116;165.0;JACAREI;Falta de atenção;Colisão lateral;Sem Vítimas;Plena noite;Crescente;Ceu Claro;Múltipla;Reta;Urbano;2;2
250740;2007-07-06;Sexta;18:00:00;SP;116;155.1;SAO JOSE DOS CAMPOS;Não guardar distância de segurança;Colisão traseira;Sem Vítimas;Anoitecer;Crescente;Ceu Claro;Dupla;Reta;Urbano;3;3
250805;2007-07-06;Sexta;08:45:00;SP;116;225.0;GUARULHOS;Falta de atenção;Colisão traseira;Sem Vítimas;Pleno dia;Decrescente;Ceu Claro;Múltipla;Reta;Urbano;2;2
250896;2007-07-09;Segunda;15:00:00;SP;116;173.0;JACAREI;Outras;Colisão com objeto móvel;Sem Vítimas;Pleno dia;Crescente;Sol;Dupla;Reta;Urbano;2;2
250908;2007-07-08;Domingo;12:45:00;SP;116;216.0;GUARULHOS;Outras;Colisão com objeto móvel;Com Vítimas Feridas;Pleno dia;Crescente;Ceu Claro;Múltipla;Reta;Urbano;2;2
250919;2007-07-09;Segunda;17:00:00;SP;116;155.0;SAO PAULO;Não guardar distância de segurança;Colisão traseira;Sem Vítimas;Pleno dia;Crescente;Sol;Dupla;Reta;Urbano;2;2
250964;2007-07-06;Sexta;20:50:00;SP;116;144.4;SAO JOSE DOS CAMPOS;Falta de atenção;Colisão traseira;Com Vítimas Feridas;Plena noite;Crescente;Nublado;Dupla;Reta;Urbano;3;3
251007;2007-07-09;Segunda;14:50:00;SP;116;214.9;GUARULHOS;Defeito mecânico em veículo;Colisão com objeto fixo;Sem Vítimas;Pleno dia;Decrescente;Ceu Claro;Múltipla;Reta;Urbano;2;2
251011;2007-07-09;Segunda;18:15:00;SP;116;203.0;ARUJA;Falta de atenção;Colisão traseira;Sem Vítimas;Anoitecer;Crescente;Nublado;Dupla;Reta;Urbano;5;5
251015;2007-07-09;Segunda;19:40:00;SP;116;142.9;SAO JOSE DOS CAMPOS;Outras;Colisão traseira;Sem Vítimas;Plena noite;Crescente;Ceu Claro;Dupla;Reta;Urbano;3;3
251094;2007-07-07;Sábado;14:45:00;SP;116;226.0;GUARULHOS;Defeito mecânico em veículo;Colisão lateral;Sem Vítimas;Pleno dia;Decrescente;Sol;Múltipla;Reta;Urbano;2;2
251130;2007-07-10;Terça;04:30:00;SP;116;144.0;SAO JOSE DOS CAMPOS;Outras;Colisão com objeto fixo;Sem Vítimas;Plena noite;Decrescente;Ceu Claro;Dupla;Reta;Urbano;2;2
251173;2007-07-10;Terça;08:00:00;SP;116;132.8;CACAPAVA;Outras;Colisão lateral;Sem Vítimas;Pleno dia;Crescente;Ceu Claro;Dupla;Reta;Rural;4;4
251241;2007-07-06;Sexta;21:30:00;SP;116;142.9;SAO JOSE DOS CAMPOS;Falta de atenção;Colisão traseira;Com Vítimas Feridas;Plena noite;Crescente;Ceu Claro;Dupla;Reta;Urbano;11;7
251271;2007-07-09;Segunda;20:40:00;SP;116;108.0;TAUBATE;Outras;Colisão com objeto fixo;Sem Vítimas;Plena noite;Decrescente;Ceu Claro;Dupla;Reta;Urbano;1;1
251349;2007-07-10;Terça;07:40:00;SP;116;149.6;SAO JOSE DOS CAMPOS;Outras;Colisão traseira;Sem Vítimas;Pleno dia;Decrescente;Ceu Claro;Múltipla;Curva;Urbano;4;4
251366;2007-07-10;Terça;10:45:00;SP;116;162.2;JACAREI;Outras;Saída de Pista;Com Vítimas Feridas;Pleno dia;Crescente;Ceu Claro;Dupla;Reta;Rural;1;1
251414;2007-07-10;Terça;07:14:00;SP;116;189.7;SANTA ISABEL;Outras;Atropelamento de pessoa;Com Vítimas Feridas;Amanhecer;Decrescente;Ceu Claro;Dupla;Reta;Rural;2;1
251435;2007-07-06;Sexta;08:00:00;SP;116;217.0;GUARULHOS;Outras;Colisão traseira;Sem Vítimas;Pleno dia;Crescente;Ceu Claro;Múltipla;Reta;Urbano;2;2
251464;2007-07-08;Domingo;07:30:00;SP;116;153.5;SAO JOSE DOS CAMPOS;Falta de atenção;Colisão lateral;Com Vítimas Feridas;Amanhecer;Decrescente;Ceu Claro;Dupla;Reta;Rural;3;2
251468;2007-07-04;Quarta;09:30:00;SP;116;210.0;GUARULHOS;Falta de atenção;Colisão traseira;Sem Vítimas;Pleno dia;Decrescente;Ceu Claro;Dupla;Reta;Urbano;2;2
251487;2007-07-08;Domingo;17:08:00;SP;116;126.8;CACAPAVA;Não guardar distância de segurança;Colisão traseira;Sem Vítimas;Pleno dia;Crescente;Ceu Claro;Dupla;Reta;Urbano;2;2
251523;2007-07-10;Terça;09:15:00;SP;116;129.5;CACAPAVA;Falta de atenção;Colisão traseira;Sem Vítimas;Pleno dia;Crescente;Ceu Claro;Dupla;Reta;Urbano;2;2
251539;2007-07-10;Terça;22:30:00;SP;116;227.0;GUARULHOS;Defeito mecânico em veículo;Colisão traseira;Sem Vítimas;Plena noite;Decrescente;Ceu Claro;Múltipla;Reta;Urbano;5;5
251589;2007-07-10;Terça;12:00:00;SP;116;210.5;GUARULHOS;Falta de atenção;Colisão traseira;Sem Vítimas;Pleno dia;Decrescente;Ceu Claro;Múltipla;Reta;Urbano;1;1
251592;2007-07-06;Sexta;11:45:00;SP;116;222.8;GUARULHOS;Outras;Colisão com objeto fixo;Sem Vítimas;Pleno dia;Crescente;Ceu Claro;Múltipla;Reta;Urbano;1;1
251602;2007-07-06;Sexta;06:07:00;SP;116;219.0;GUARULHOS;Outras;Colisão traseira;Sem Vítimas;Pleno dia;Decrescente;Ceu Claro;Múltipla;Reta;Urbano;3;3
251656;2007-07-03;Terça;18:20:00;SP;116;149.5;SAO JOSE DOS CAMPOS;Outras;Queda de motocicleta / bicicleta / veículo;Com Vítimas Feridas;Plena noite;Decrescente;Ceu Claro;Múltipla;Reta;Urbano;2;2
251679;2007-07-06;Sexta;19:00:00;SP;116;160.0;JACAREI;Não guardar distância de segurança;Colisão traseira;Sem Vítimas;Plena noite;Decrescente;Ceu Claro;Dupla;Reta;Urbano;3;3
251687;2007-07-03;Terça;14:45:00;SP;116;164.0;JACAREI;Outras;Colisão traseira;Sem Vítimas;Pleno dia;Crescente;Ceu Claro;Dupla;Reta;Urbano;2;2
251770;2007-07-10;Terça;01:30:00;SP;116;164.0;SAO JOSE DOS CAMPOS;Outras;Colisão com objeto fixo;Com Vítimas Feridas;Plena noite;Crescente;Ceu Claro;Múltipla;Reta;Urbano;1;1
251784;2007-07-10;Terça;03:00:00;SP;116;209.0;GUARULHOS;Outras;Colisão traseira;Com Vítimas Fatais;Plena noite;Crescente;Ceu Claro;Dupla;Reta;Urbano;5;2
251839;2007-07-07;Sábado;08:30:00;SP;116;157.0;SAO JOSE DOS CAMPOS;Outras;Colisão traseira;Com Vítimas Feridas;Pleno dia;Decrescente;Ceu Claro;Dupla;Reta;Urbano;5;4
251902;2007-07-08;Domingo;05:00:00;SP;116;196.0;ARUJA;Falta de atenção;Queda de motocicleta / bicicleta / veículo;Com Vítimas Feridas;Plena noite;Decrescente;Nublado;Dupla;Reta;Urbano;1;1
251936;2007-07-11;Quarta;17:05:00;SP;116;117.8;TAUBATE;Falta de atenção;Colisão traseira;Sem Vítimas;Pleno dia;Crescente;Nublado;Dupla;Reta;Rural;2;2
251938;2007-07-11;Quarta;21:00:00;SP;116;205.0;ARUJA;Outras;Atropelamento de pessoa;Com Vítimas Feridas;Plena noite;Crescente;Nublado;Dupla;Reta;Urbano;2;1
252125;2007-07-10;Terça;09:00:00;SP;116;162.2;JACAREI;Animais na Pista;Colisão com objeto fixo;Com Vítimas Feridas;Pleno dia;Crescente;Sol;Dupla;Reta;Rural;1;1
252128;2007-07-10;Terça;07:35:00;SP;116;222.5;GUARULHOS;Falta de atenção;Colisão com bicicleta;Com Vítimas Feridas;Pleno dia;Decrescente;Ceu Claro;Múltipla;Reta;Urbano;2;2
252138;2007-07-12;Quinta;08:30:00;SP;116;125.0;CACAPAVA;Falta de atenção;Colisão com objeto fixo;Sem Vítimas;Pleno dia;Decrescente;Ceu Claro;Dupla;Reta;Rural;1;1
252212;2007-07-10;Terça;21:00:00;SP;116;229.0;SAO PAULO;Outras;Colisão com objeto fixo;Com Vítimas Fatais;Plena noite;Crescente;Ceu Claro;Múltipla;Reta;Urbano;3;3
252283;2007-07-10;Terça;17:55:00;SP;116;143.5;SAO JOSE DOS CAMPOS;Não guardar distância de segurança;Colisão traseira;Sem Vítimas;Anoitecer;Crescente;Ceu Claro;Dupla;Reta;Urbano;4;4
252286;2007-07-12;Quinta;02:50:00;SP;116;227.8;SAO PAULO;Dormindo;Colisão com objeto fixo;Sem Vítimas;Plena noite;Crescente;Ceu Claro;Múltipla;Reta;Urbano;1;1
252327;2007-07-10;Terça;14:00:00;SP;116;144.0;SAO JOSE DOS CAMPOS;Falta de atenção;Colisão lateral;Com Vítimas Feridas;Pleno dia;Decrescente;Ceu Claro;Dupla;Reta;Urbano;2;2
252354;2007-07-12;Quinta;18:04:00;SP;116;144.6;SAO JOSE DOS CAMPOS;Não guardar distância de segurança;Colisão traseira;Sem Vítimas;Anoitecer;Crescente;Ceu Claro;Dupla;Reta;Urbano;2;2
252355;2007-07-12;Quinta;18:50:00;SP;116;227.0;GUARULHOS;Outras;Colisão lateral;Com Vítimas Feridas;Plena noite;Decrescente;Nublado;Múltipla;Reta;Urbano;3;2
252363;2007-07-11;Quarta;06:30:00;SP;116;152.0;SAO JOSE DOS CAMPOS;Outras;Colisão lateral;Com Vítimas Feridas;Pleno dia;Decrescente;Ceu Claro;Dupla;Reta;Urbano;2;2
252394;2007-07-12;Quinta;11:00:00;SP;116;138.0;SAO JOSE DOS CAMPOS;Falta de atenção;Tombamento;Sem Vítimas;Pleno dia;Crescente;Ceu Claro;Dupla;Reta;Rural;1;1