id;data_inversa;dia_semana;horario;uf;br;km;municipio;causa_acidente;tipo_acidente;classificacao_acidente;fase_dia;sentido_via;condicao_metereologica;tipo_pista;tracado_via;uso_solo;pessoas;veiculos
267864;2007-08-17;Sexta;08:05:00;SP;116;158.0;JACAREI;Não guardar distância de segurança;Colisão traseira;Sem Vítimas;Pleno dia;Decrescente;Sol;Dupla;Reta;Urbano;3;3
267878;2007-08-18;Sábado;00:59:00;SP;116;139.3;SAO JOSE DOS CAMPOS;Falta de atenção;Queda de motocicleta / bicicleta / veículo;Com Vítimas Feridas;Plena noite;Decrescente;Nublado;Dupla;Reta;Rural;2;2
267884;2007-08-17;Sexta;15:00:00;SP;116;156.6;SAO JOSE DOS CAMPOS;Não guardar distância de segurança;Colisão traseira;Sem Vítimas;Pleno dia;Decrescente;Sol;Dupla;Reta;Urbano;4;4
267910;2007-08-19;Domingo;11:50:00;SP;116;108.0;TAUBATE;Velocidade incompatível;Colisão traseira;Com Vítimas Feridas;Pleno dia;Crescente;Sol;Dupla;Reta;Urbano;7;4
267921;2007-08-18;Sábado;06:40:00;SP;116;151.4;SAO JOSE DOS CAMPOS;Falta de atenção;Colisão lateral;Sem Vítimas;Amanhecer;Decrescente;Ceu Claro;Dupla;Reta;Urbano;2;2
267947;2007-08-18;Sábado;22:00:00;SP;116;225.0;GUARULHOS;Falta de atenção;Queda de motocicleta / bicicleta / veículo;Com Vítimas Feridas;Plena noite;Crescente;Ceu Claro;Múltipla;Reta;Urbano;2;1
267976;2007-08-17;Sexta;19:20:00;SP;116;189.3;SANTA ISABEL;Outras;Atropelamento de pessoa;Com Vítimas Feridas;Anoitecer;Crescente;Ceu Claro;Dupla;Reta;Rural;2;1
268111;2007-08-19;Domingo;18:30:00;SP;116;204.0;ARUJA;Não guardar distância de segurança;Colisão traseira;Sem Vítimas;Plena noite;Crescente;Ceu Claro;Múltipla;Reta;Urbano;2;2
268210;2007-08-14;Terça;08:04:00;SP;116;218.1;GUARULHOS;Não guardar distância de segurança;Colisão traseira;Sem Vítimas;Pleno dia;Decrescente;Sol;Múltipla;Reta;Urbano;3;3
268230;2007-08-18;Sábado;15:50:00;SP;116;126.8;CACAPAVA;Dormindo;Colisão traseira;Com Vítimas Feridas;Pleno dia;Crescente;Sol;Dupla;Reta;Urbano;2;2
268248;2007-08-17;Sexta;07:25:00;SP;116;159.1;SAO JOSE DOS CAMPOS;Outras;Colisão com objeto fixo;Sem Vítimas;Amanhecer;Crescente;Ceu Claro;Dupla;Reta;Urbano;1;1
268249;2007-08-14;Terça;16:20:00;SP;116;221.1;GUARULHOS;Não guardar distância de segurança;Colisão traseira;Com Vítimas Feridas;Pleno dia;Crescente;Sol;Múltipla;Reta;Urbano;3;2
268303;2007-08-17;Sexta;21:50:00;SP;116;210.0;GUARULHOS;Outras;Colisão lateral;Sem Vítimas;Plena noite;Decrescente;Vento;Múltipla;Reta;Urbano;2;2
268325;2007-08-18;Sábado;02:50:00;SP;116;221.0;GUARULHOS;Falta de atenção;Colisão com objeto fixo;Com Vítimas Feridas;Plena noite;Crescente;Nublado;Múltipla;Reta;Urbano;1;1
268342;2007-08-20;Segunda;08:00:00;SP;116;221.0;GUARULHOS;Não guardar distância de segurança;Colisão traseira;Com Vítimas Feridas;Pleno dia;Decrescente;Ceu Claro;Múltipla;Reta;Urbano;3;2
268347;2007-08-20;Segunda;10:03:00;SP;116;223.0;GUARULHOS;Ingestão de álcool;Colisão lateral;Sem Vítimas;Pleno dia;Decrescente;Sol;Múltipla;Reta;Urbano;2;2
268425;2007-08-20;Segunda;08:00:00;SP;116;145.0;SAO JOSE DOS CAMPOS;Outras;Colisão traseira;Sem Vítimas;Pleno dia;Decrescente;Ceu Claro;Dupla;Reta;Urbano;3;3
268432;2007-08-19;Domingo;21:15:00;SP;116;105.3;TAUBATE;Ingestão de álcool;Capotamento;Sem Vítimas;Plena noite;Crescente;Ceu Claro;Múltipla;Reta;Urbano;2;1
268447;2007-08-20;Segunda;19:38:00;SP;116;216.8;GUARULHOS;Falta de atenção;Colisão traseira;Sem Vítimas;Plena noite;Decrescente;Ceu Claro;Múltipla;Reta;Urbano;2;2
268457;2007-08-20;Segunda;18:50:00;SP;116;169.8;JACAREI;Outras;Colisão com objeto fixo;Sem Vítimas;Plena noite;Decrescente;Ignorada;Dupla;Reta;Rural;1;1
268479;2007-08-19;Domingo;05:00:00;SP;116;144.0;SAO JOSE DOS CAMPOS;Não guardar distância de segurança;Colisão traseira;Sem Vítimas;Amanhecer;Crescente;Ceu Claro;Dupla;Reta;Urbano;2;2
268534;2007-08-20;Segunda;16:55:00;SP;116;138.0;SAO JOSE DOS CAMPOS;Falta de atenção;Colisão traseira;Sem Vítimas;Pleno dia;Decrescente;Sol;Dupla;Reta;Rural;2;2
268564;2007-08-17;Sexta;19:30:00;SP;116;218.8;GUARULHOS;Falta de atenção;Colisão lateral;Sem Vítimas;Plena noite;Crescente;Ceu Claro;Múltipla;Reta;Urbano;2;2
268653;2007-08-19;Domingo;18:20:00;SP;116;203.0;ARUJA;Não guardar distância de segurança;Colisão traseira;Sem Vítimas;Anoitecer;Crescente;Ceu Claro;Dupla;Reta;Urbano;2;2
268682;2007-08-21;Terça;01:20:00;SP;116;192.4;SANTA ISABEL;Outras;Colisão lateral;Sem Vítimas;Plena noite;Decrescente;Ceu Claro;Dupla;Reta;Rural;2;2
268772;2007-08-19;Domingo;17:15:00;SP;116;154.0;SAO JOSE DOS CAMPOS;Falta de atenção;Colisão traseira;Sem Vítimas;Pleno dia;Crescente;Ceu Claro;Dupla;Reta;Urbano;4;4
268790;2007-08-21;Terça;01:30:00;SP;116;139.0;SAO JOSE DOS CAMPOS;Falta de atenção;Tombamento;Com Vítimas Feridas;Plena noite;Crescente;Ceu Claro;Dupla;Reta;Urbano;1;1
268849;2007-08-21;Terça;18:55:00;SP;116;142.9;SAO JOSE DOS CAMPOS;Não guardar distância de segurança;Colisão traseira;Sem Vítimas;Plena noite;Crescente;Ceu Claro;Dupla;Reta;Urbano;2;2
268868;2007-08-21;Terça;18:30:00;SP;116;219.2;GUARULHOS;Falta de atenção;Colisão traseira;Sem Vítimas;Anoitecer;Decrescente;Nublado;Múltipla;Reta;Urbano;3;3
268899;2007-08-21;Terça;13:30:00;SP;116;138.5;SAO JOSE DOS CAMPOS;Outras;Danos Eventuais;Sem Vítimas;Pleno dia;Decrescente;Ceu Claro;Dupla;Reta;Rural;1;1
268900;2007-08-19;Domingo;19:05:00;SP;116;201.0;ARUJA;Não guardar distância de segurança;Colisão traseira;Sem Vítimas;Plena noite;Crescente;Ceu Claro;Dupla;Reta;Rural;2;2
268915;2007-08-21;Terça;02:20:00;SP;116;209.8;GUARULHOS;Outras;Saída de Pista;Com Vítimas Feridas;Plena noite;Decrescente;Nevoeiro/neblina;Simples;Reta;Urbano;13;1
268918;2007-08-22;Quarta;00:01:00;SP;116;114.3;TAUBATE;Outras;Colisão traseira;Com Vítimas Feridas;Plena noite;Crescente;Nublado;Dupla;Reta;Urbano;3;2
268932;2007-08-21;Terça;15:30:00;SP;116;210.0;GUARULHOS;Outras;Colisão traseira;Sem Vítimas;Pleno dia;Decrescente;Ceu Claro;Dupla;Reta;Urbano;1;1
268934;2007-08-21;Terça;23:10:00;SP;116;99.0;PINDAMONHANGABA;Dormindo;Colisão com objeto fixo;Com Vítimas Feridas;Plena noite;Decrescente;Ceu Claro;Dupla;Reta;Urbano;1;1
268950;2007-08-21;Terça;18:00:00;SP;116;213.8;GUARULHOS;Falta de atenção;Colisão lateral;Sem Vítimas;Anoitecer;Decrescente;Ceu Claro;Múltipla;Reta;Rural;3;3
268972;2007-08-19;Domingo;17:50:00;SP;116;188.0;SANTA ISABEL;Outras;Saída de Pista;Sem Vítimas;Anoitecer;Decrescente;Ceu Claro;Simples;Reta;Rural;1;1
268974;2007-08-19;Domingo;16:00:00;SP;116;169.0;JACAREI;Falta de atenção;Colisão lateral;Sem Vítimas;Pleno dia;Crescente;Sol;Dupla;Reta;Rural;2;2
269005;2007-08-22;Quarta;07:40:00;SP;116;144.0;SAO JOSE DOS CAMPOS;Não guardar distância de segurança;Colisão traseira;Sem Vítimas;Pleno dia;Crescente;Nublado;Dupla;Reta;Urbano;2;2
269023;2007-08-21;Terça;07:40:00;SP;116;166.0;JACAREI;Falta de atenção;Colisão lateral;Sem Vítimas;Pleno dia;Decrescente;Nublado;Dupla;Reta;Rural;2;2
269088;2007-08-21;Terça;09:30:00;SP;116;196.0;ARUJA;Outras;Colisão traseira;Sem Vítimas;Pleno dia;Crescente;Sol;Dupla;Reta;Urbano;2;2
269140;2007-08-22;Quarta;17:15:00;SP;116;204.0;ARUJA;Falta de atenção;Colisão traseira;Sem Vítimas;Pleno dia;Decrescente;Ceu Claro;Múltipla;Reta;Urbano;2;2
269201;2007-08-19;Domingo;06:10:00;SP;116;220.8;GUARULHOS;Falta de atenção;Atropelamento de pessoa;Com Vítimas Feridas;Amanhecer;Decrescente;Nublado;Múltipla;Reta;Urbano;2;1
269203;2007-08-18;Sábado;22:00:00;SP;116;225.0;GUARULHOS;Outras;Colisão traseira;Sem Vítimas;Plena noite;Crescente;Ceu Claro;Múltipla;Reta;Urbano;2;2
269268;2007-08-20;Segunda;18:30:00;SP;116;219.0;GUARULHOS;Outras;Queda de motocicleta / bicicleta / veículo;Com Vítimas Feridas;Plena noite;Decrescente;Ceu Claro;Múltipla;Reta;Urbano;3;2
269269;2007-08-20;Segunda;07:30:00;SP;116;229.0;SAO PAULO;Falta de atenção;Colisão traseira;Com Vítimas Feridas;Pleno dia;Crescente;Ceu Claro;Múltipla;Reta;Urbano;2;2
269275;2007-08-22;Quarta;14:50:00;SP;116;117.0;TAUBATE;Outras;Colisão lateral;Sem Vítimas;Pleno dia;Decrescente;Sol;Dupla;Reta;Urbano;2;2
269285;2007-08-19;Domingo;18:20:00;SP;116;203.0;ARUJA;Falta de atenção;Colisão traseira;Sem Vítimas;Plena noite;Crescente;Ceu Claro;Dupla;Reta;Urbano;2;2
269296;2007-08-20;Segunda;16:55:00;SP;116;217.0;GUARULHOS;Falta de atenção;Colisão lateral;Com Vítimas Feridas;Pleno dia;Decrescente;Ceu Claro;Múltipla;Reta;Urbano;2;2
269300;2007-08-21;Terça;16:50:00;SP;116;147.0;SAO JOSE DOS CAMPOS;Ultrapassagem indevida;Colisão lateral;Sem Vítimas;Pleno dia;Decrescente;Ceu Claro;Simples;Curva;Urbano;2;2
269336;2007-08-21;Terça;15:20:00;SP;116;221.2;GUARULHOS;Outras;Colisão Transversal;Com Vítimas Feridas;Pleno dia;Decrescente;Nublado;Múltipla;Reta;Urbano;3;2
269338;2007-08-23;Quinta;02:30:00;SP;116;187.5;SANTA ISABEL;Dormindo;Tombamento;Sem Vítimas;Plena noite;Decrescente;Nevoeiro/neblina;Dupla;Reta;Rural;1;1
269353;2007-08-21;Terça;15:25:00;SP;116;226.0;GUARULHOS;Falta de atenção;Colisão traseira;Com Vítimas Feridas;Pleno dia;Crescente;Nublado;Múltipla;Reta;Urbano;2;2
269376;2007-08-19;Domingo;06:34:00;SP;116;117.3;TAUBATE;Dormindo;Colisão com objeto fixo;Com Vítimas Feridas;Amanhecer;Decrescente;Nublado;Dupla;Reta;Urbano;3;2
269382;2007-08-21;Terça;15:15:00;SP;116;226.4;GUARULHOS;Outras;Colisão com objeto fixo;Com Vítimas Feridas;Pleno dia;Crescente;Ceu Claro;Múltipla;Reta;Urbano;2;2
269391;2007-08-19;Domingo;21:17:00;SP;116;105.3;TAUBATE;Outras;Colisão traseira;Com Vítimas Feridas;Plena noite;Crescente;Ceu Claro;Dupla;Reta;Urbano;4;3
269424;2007-08-19;Domingo;19:30:00;SP;116;201.0;ARUJA;Falta de atenção;Colisão traseira;Sem Vítimas;Plena noite;Crescente;Ceu Claro;Dupla;Reta;Urbano;4;4
269456;2007-08-23;Quinta;09:45:00;SP;116;158.3;JACAREI;Outras;Colisão traseira;Com Vítimas Feridas;Plena noite;Decrescente;Ceu Claro;Dupla;Reta;Urbano;5;5
269470;2007-08-23;Quinta;05:46:00;SP;116;140.6;SAO JOSE DOS CAMPOS;Outras;Colisão traseira;Sem Vítimas;Pleno dia;Decrescente;Nublado;Dupla;Reta;Urbano;2;2
269539;2007-08-23;Quinta;07:40:00;SP;116;218.1;GUARULHOS;Outras;Colisão traseira;Com Vítimas Feridas;Pleno dia;Crescente;Nevoeiro/neblina;Múltipla;Reta;Urbano;2;2
269582;2007-08-23;Quinta;16:20:00;SP;116;136.4;SAO JOSE DOS CAMPOS;Outras;Colisão traseira;Com Vítimas Feridas;Pleno dia;Crescente;Ceu Claro;Dupla;Reta;Rural;5;4
269628;2007-08-23;Quinta;21:30:00;SP;116;201.5;GUARULHOS;Falta de atenção;Colisão traseira;Sem Vítimas;Plena noite;Decrescente;Ceu Claro;Dupla;Reta;Urbano;2;2
269659;2007-08-22;Quarta;09:57:00;SP;116;220.7;GUARULHOS;Outras;Colisão traseira;Sem Vítimas;Pleno dia;Crescente;Sol;Múltipla;Reta;Urbano;2;2
269671;2007-08-22;Quarta;18:30:00;SP;116;221.5;GUARULHOS;Outras;Colisão lateral;Sem Vítimas;Anoitecer;Decrescente;Nublado;Múltipla;Reta;Urbano;2;2
269708;2007-08-22;Quarta;09:55:00;SP;116;220.7;GUARULHOS;Não guardar distância de segurança;Colisão traseira;Com Vítimas Feridas;Pleno dia;Crescente;Sol;Múltipla;Reta;Urbano;2;2
269742;2007-08-22;Quarta;13:29:00;SP;116;222.4;GUARULHOS;Não guardar distância de segurança;Colisão traseira;Sem Vítimas;Pleno dia;Decrescente;Sol;Múltipla;Reta;Urbano;2;2
269765;2007-08-23;Quinta;05:15:00;SP;116;188.0;SANTA ISABEL;Falta de atenção;Colisão traseira;Sem Vítimas;Amanhecer;Decrescente;Nevoeiro/neblina;Dupla;Reta;Urbano;2;2
269781;2007-08-22;Quarta;12:30:00;SP;116;212.0;GUARULHOS;Dormindo;Colisão traseira;Com Vítimas Feridas;Pleno dia;Decrescente;Sol;Múltipla;Reta;Urbano;2;2
269833;2007-08-24;Sexta;16:00:00;SP;116;133.0;CACAPAVA;Outras;Colisão lateral;Sem Vítimas;Pleno dia;Decrescente;Ceu Claro;Dupla;Reta;Urbano;2;2
269954;2007-08-24;Sexta;14:15:00;SP;116;177.4;GUARAREMA;Outras;Colisão lateral;Sem Vítimas;Pleno dia;Crescente;Sol;Dupla;Curva;Rural;2;2
269997;2007-08-24;Sexta;20:45:00;SP;116;222.8;GUARULHOS;Outras;Colisão com objeto fixo;Sem Vítimas;Plena noite;Crescente;Ceu Claro;Múltipla;Reta;Urbano;1;1
270097;2007-08-21;Terça;09:40:00;SP;116;108.8;TAUBATE;Defeito mecânico em veículo;Colisão com objeto móvel;Sem Vítimas;Pleno dia;Decrescente;Sol;Dupla;Reta;Urbano;2;2
270111;2007-08-25;Sábado;10:30:00;SP;116;125.5;CACAPAVA;Não guardar distância de segurança;Colisão lateral;Sem Vítimas;Pleno dia;Crescente;Ceu Claro;Dupla;Reta;Urbano;2;2
270129;2007-08-25;Sábado;13:15:00;SP;116;198.0;ARUJA;Falta de atenção;Colisão lateral;Sem Vítimas;Pleno dia;Crescente;Ceu Claro;Dupla;Reta;Rural;2;2
270186;2007-08-25;Sábado;10:00:00;SP;116;225.7;GUARULHOS;Defeito mecânico em veículo;Colisão traseira;Com Vítimas Feridas;Pleno dia;Crescente;Ceu Claro;Múltipla;Reta;Urbano;3;2
270207;2007-08-25;Sábado;18:10:00;SP;116;140.9;SAO JOSE DOS CAMPOS;Falta de atenção;Colisão traseira;Sem Vítimas;Plena noite;Crescente;Ceu Claro;Dupla;Reta;Urbano;4;4
270259;2007-08-24;Sexta;07:50:00;SP;116;150.0;SAO JOSE DOS CAMPOS;Outras;Colisão traseira;Sem Vítimas;Plena noite;Decrescente;Ceu Claro;Dupla;Reta;Urbano;3;3
270326;2007-08-25;Sábado;23:40:00;SP;116;222.0;GUARULHOS;Animais na Pista;Colisão com objeto fixo;Sem Vítimas;Plena noite;Crescente;Vento;Múltipla;Reta;Urbano;1;1
270361;2007-08-24;Sexta;02:30:00;SP;116;150.5;SAO JOSE DOS CAMPOS;Outras;Atropelamento de pessoa;Com Vítimas Feridas;Plena noite;Decrescente;Ceu Claro;Dupla;Reta;Urbano;2;1
270367;2007-08-24;Sexta;17:15:00;SP;116;159.0;JACAREI;Outras;Colisão traseira;Sem Vítimas;Pleno dia;Decrescente;Ceu Claro;Dupla;Reta;Urbano;2;2
270368;2007-08-23;Quinta;05:10:00;SP;116;161.6;JACAREI;Não guardar distância de segurança;Colisão traseira;Sem Vítimas;Plena noite;Crescente;Nublado;Dupla;Reta;Rural;3;3
270372;2007-08-22;Quarta;13:47:00;SP;116;107.5;TAUBATE;Outras;Colisão lateral;Sem Vítimas;Pleno dia;Decrescente;Ceu Claro;Dupla;Reta;Urbano;2;2
270381;2007-08-24;Sexta;18:45:00;SP;116;145.0;SAO JOSE DOS CAMPOS;Outras;Colisão traseira;Sem Vítimas;Plena noite;Decrescente;Ceu Claro;Dupla;Reta;Urbano;3;3
270382;2007-08-26;Domingo;04:10:00;SP;116;159.0;JACAREI;Falta de atenção;Colisão traseira;Sem Vítimas;Plena noite;Crescente;Ceu Claro;Dupla;Reta;Urbano;2;2
270390;2007-08-25;Sábado;17:20:00;SP;116;216.7;GUARULHOS;Falta de atenção;Capotamento;Com Vítimas Feridas;Pleno dia;Crescente;Ceu Claro;Múltipla;Cruzamento;Urbano;1;1
270466;2007-08-26;Domingo;11:45:00;SP;116;225.1;GUARULHOS;Defeito mecânico em veículo;Colisão traseira;Com Vítimas Feridas;Pleno dia;Crescente;Sol;Múltipla;Reta;Urbano;2;2
270477;2007-08-23;Quinta;09:15:00;SP;116;226.0;GUARULHOS;Outras;Colisão lateral;Sem Vítimas;Pleno dia;Decrescente;Ceu Claro;Múltipla;Reta;Urbano;2;2
270508;2007-08-24;Sexta;06:00:00;SP;116;210.5;GUARULHOS;Falta de atenção;Colisão traseira;Sem Vítimas;Amanhecer;Decrescente;Ceu Claro;Múltipla;Reta;Urbano;2;2
270531;2007-08-26;Domingo;16:00:00;SP;116;210.0;GUARULHOS;Outras;Colisão com objeto móvel;Sem Vítimas;Pleno dia;Decrescente;Ceu Claro;Múltipla;Reta;Urbano;1;1
270555;2007-08-24;Sexta;08:30:00;SP;116;218.0;GUARULHOS;Falta de atenção;Colisão traseira;Sem Vítimas;Pleno dia;Crescente;Sol;Múltipla;Reta;Urbano;4;4
270558;2007-08-23;Quinta;09:30:00;SP;116;157.7;SAO JOSE DOS CAMPOS;Outras;Colisão traseira;Sem Vítimas;Pleno dia;Decrescente;Ceu Claro;Dupla;Reta;Urbano;3;3
270575;2007-08-24;Sexta;07:20:00;SP;116;150.1;SAO JOSE DOS CAMPOS;Outras;Colisão traseira;Sem Vítimas;Pleno dia;Decrescente;Ceu Claro;Dupla;Reta;Urbano;3;3
270733;2007-08-24;Sexta;19:30:00;SP;116;224.3;GUARULHOS;Falta de atenção;Colisão traseira;Sem Vítimas;Plena noite;Decrescente;Ceu Claro;Múltipla;Reta;Urbano;4;4
270793;2007-08-26;Domingo;13:21:00;SP;116;200.7;ARUJA;Falta de atenção;Colisão lateral;Sem Vítimas;Pleno dia;Decrescente;Sol;Múltipla;Reta;Urbano;3;3
270829;2007-08-25;Sábado;02:45:00;SP;116;227.6;SAO PAULO;Falta de atenção;Colisão lateral;Sem Vítimas;Plena noite;Decrescente;Ceu Claro;Múltipla;Reta;Urbano;2;2
270882;2007-08-26;Domingo;04:30:00;SP;116;205.0;ARUJA;Outras;Colisão com objeto fixo;Sem Vítimas;Plena noite;Decrescente;Ceu Claro;Dupla;Reta;Rural;1;1
270929;2007-08-25;Sábado;17:00:00;SP;116;165.0;JACAREI;Outras;Danos Eventuais;Sem Vítimas;Pleno dia;Crescente;Ceu Claro;Dupla;Reta;Urbano;1;1
270944;2007-08-25;Sábado;09:45:00;SP;116;144.0;SAO JOSE DOS CAMPOS;Outras;Colisão traseira;Sem Vítimas;Pleno dia;Crescente;Sol;Dupla;Reta;Urbano;2;2
270960;2007-08-25;Sábado;15:15:00;SP;116;146.5;SAO JOSE DOS CAMPOS;Outras;Colisão lateral;Sem Vítimas;Pleno dia;Decrescente;Sol;Dupla;Reta;Urbano;4;4
270973;2007-08-27;Segunda;18:16:00;SP;116;219.2;GUARULHOS;Outras;Colisão traseira;Sem Vítimas;Anoitecer;Decrescente;Nublado;Múltipla;Reta;Urbano;2;2
271012;2007-08-27;Segunda;22:55:00;SP;116;121.0;CACAPAVA;Defeito mecânico em veículo;Colisão traseira;Sem Vítimas;Plena noite;Crescente;Nublado;Dupla;Reta;Rural;2;2
271062;2007-08-25;Sábado;11:40:00;SP;116;145.8;SAO JOSE DOS CAMPOS;Não guardar distância de segurança;Colisão traseira;Com Vítimas Feridas;Pleno dia;Decrescente;Sol;Dupla;Reta;Urbano;3;3
271155;2007-08-27;Segunda;07:30:00;SP;116;226.7;GUARULHOS;Falta de atenção;Colisão lateral;Com Vítimas Feridas;Pleno dia;Crescente;Ceu Claro;Múltipla;Reta;Urbano;2;2
271158;2007-08-27;Segunda;15:30:00;SP;116;227.6;SAO PAULO;Outras;Colisão traseira;Com Vítimas Feridas;Pleno dia;Crescente;Ceu Claro;Múltipla;Reta;Urbano;2;2
271172;2007-08-28;Terça;12:10:00;SP;116;159.0;JACAREI;Animais na Pista;Atropelamento de animal;Sem Vítimas;Pleno dia;Crescente;Nublado;Dupla;Reta;Urbano;1;1
271183;2007-08-27;Segunda;23:45:00;SP;116;99.5;PINDAMONHANGABA;Falta de atenção;Capotamento;Sem Vítimas;Plena noite;Crescente;Ceu Claro;Dupla;Reta;Urbano;1;1
271273;2007-08-25;Sábado;00:15:00;SP;116;110.0;TAUBATE;Outras;Colisão traseira;Com Vítimas Feridas;Plena noite;Crescente;Ceu Claro;Dupla;Reta;Urbano;3;2
271308;2007-08-27;Segunda;01:30:00;SP;116;146.9;SAO JOSE DOS CAMPOS;Outras;Colisão traseira;Sem Vítimas;Plena noite;Decrescente;Ceu Claro;Dupla;Reta;Urbano;2;2
271310;2007-08-24;Sexta;16:15:00;SP;116;211.0;GUARULHOS;Falta de atenção;Colisão traseira;Sem Vítimas;Pleno dia;Decrescente;Ceu Claro;Múltipla;Reta;Urbano;2;2
271315;2007-08-28;Terça;18:00:00;SP;116;211.9;GUARULHOS;Falta de atenção;Colisão traseira;Sem Vítimas;Plena noite;Decrescente;Nublado;Múltipla;Reta;Urbano;2;2
271322;2007-08-27;Segunda;16:00:00;SP;116;210.0;GUARULHOS;Desobediência à sinalização;Colisão lateral;Sem Vítimas;Pleno dia;Decrescente;Ceu Claro;Simples;Reta;Urbano;2;1
271346;2007-08-26;Domingo;13:20:00;SP;116;224.0;GUARULHOS;Outras;Colisão com objeto fixo;Sem Vítimas;Pleno dia;Crescente;Nublado;Múltipla;Reta;Urbano;1;1
271391;2007-08-25;Sábado;14:30:00;SP;116;214.9;GUARULHOS;Ingestão de álcool;Colisão traseira;Sem Vítimas;Pleno dia;Crescente;Sol;Múltipla;Reta;Urbano;2;2
271399;2007-08-28;Terça;21:40:00;SP;116;199.0;ARUJA;Falta de atenção;Colisão lateral;Sem Vítimas;Plena noite;Crescente;Nublado;Dupla;Reta;Urbano;2;2
271402;2007-08-28;Terça;14:20:00;SP;116;142.3;SAO JOSE DOS CAMPOS;Outras;Colisão traseira;Com Vítimas Feridas;Pleno dia;Crescente;Sol;Dupla;Reta;Urbano;2;1
271408;2007-08-29;Quarta;00:40:00;SP;116;201.0;ARUJA;Falta de atenção;Colisão traseira;Sem Vítimas;Plena noite;Decrescente;Nevoeiro/neblina;Dupla;Reta;Urbano;2;2
271409;2007-08-28;Terça;23:00:00;SP;116;220.0;GUARULHOS;Outras;Colisão com objeto fixo;Sem Vítimas;Plena noite;Crescente;Nublado;Múltipla;Reta;Urbano;2;2
271431;2007-08-26;Domingo;17:35:00;SP;116;199.3;ARUJA;Ingestão de álcool;Colisão traseira;Com Vítimas Feridas;Pleno dia;Crescente;Ceu Claro;Dupla;Reta;Rural;3;3
271446;2007-08-28;Terça;18:20:00;SP;116;144.0;SAO JOSE DOS CAMPOS;Outras;Colisão traseira;Sem Vítimas;Plena noite;Crescente;Ceu Claro;Dupla;Reta;Urbano;4;4
271503;2007-08-24;Sexta;19:00:00;SP;116;228.0;SAO PAULO;Falta de atenção;Colisão traseira;Sem Vítimas;Plena noite;Crescente;Ceu Claro;Múltipla;Reta;Urbano;3;3
271512;2007-08-26;Domingo;23:30:00;SP;116;226.0;GUARULHOS;Velocidade incompatível;Capotamento;Com Vítimas Fatais;Plena noite;Decrescente;Ceu Claro;Múltipla;Reta;Urbano;2;2
271519;2007-08-29;Quarta;09:41:00;SP;116;204.8;ARUJA;Defeito mecânico em veículo;Colisão traseira;Sem Vítimas;Pleno dia;Decrescente;Ceu Claro;Múltipla;Reta;Urbano;2;2
271563;2007-08-27;Segunda;07:50:00;SP;116;228.0;SAO PAULO;Falta de atenção;Queda de motocicleta / bicicleta / veículo;Com Vítimas Feridas;Pleno dia;Crescente;Ceu Claro;Múltipla;Reta;Urbano;1;1
271608;2007-08-25;Sábado;23:50:00;SP;116;155.5;SAO JOSE DOS CAMPOS;Falta de atenção;Colisão com objeto fixo;Sem Vítimas;Plena noite;Decrescente;Ignorada;Dupla;Reta;Urbano;1;1
271655;2007-08-29;Quarta;20:05:00;SP;116;221.8;GUARULHOS;Falta de atenção;Colisão traseira;Com Vítimas Feridas;Plena noite;Decrescente;Nublado;Múltipla;Reta;Urbano;3;3
271721;2007-08-29;Quarta;23:30:00;SP;116;219.3;GUARULHOS;Falta de atenção;Colisão traseira;Sem Vítimas;Plena noite;Decrescente;Ceu Claro;Múltipla;Reta;Urbano;2;2
271725;2007-08-29;Quarta;21:30:00;SP;116;225.0;GUARULHOS;Falta de atenção;Colisão traseira;Sem Vítimas;Plena noite;Decrescente;Ceu Claro;Múltipla;Reta;Urbano;3;3
271726;2007-08-28;Terça;08:00:00;SP;116;219.7;GUARULHOS;Falta de atenção;Colisão traseira;Sem Vítimas;Pleno dia;Crescente;Ceu Claro;Múltipla;Reta;Urbano;2;2
271727;2007-08-28;Terça;18:20:00;SP;116;217.0;GUARULHOS;Ingestão de álcool;Colisão traseira;Sem Vítimas;Plena noite;Crescente;Ceu Claro;Múltipla;Reta;Urbano;3;3
271809;2007-08-29;Quarta;13:30:00;SP;116;145.5;SAO JOSE DOS CAMPOS;Outras;Queda de motocicleta / bicicleta / veículo;Com Vítimas Feridas;Pleno dia;Decrescente;Nublado;Dupla;Reta;Urbano;1;1
271817;2007-08-25;Sábado;11:50:00;SP;116;144.9;SAO JOSE DOS CAMPOS;Outras;Colisão traseira;Sem Vítimas;Pleno dia;Crescente;Ceu Claro;Simples;Reta;Urbano;4;4
271988;2007-08-28;Terça;02:00:00;SP;116;229.0;SAO PAULO;Outras;Atropelamento de pessoa;Sem Vítimas;Plena noite;Decrescente;Ceu Claro;Múltipla;Reta;Urbano;2;1