id;data_inversa;dia_semana;horario;uf;br;km;municipio;causa_acidente;tipo_acidente;classificacao_acidente;fase_dia;sentido_via;condicao_metereologica;tipo_pista;tracado_via;uso_solo;pessoas;veiculos
281241;2007-09-20;Quinta;04:20:00;SP;116;221.5;GUARULHOS;Outras;Colisão lateral;Sem Vítimas;Plena noite;Crescente;Ceu Claro;Múltipla;Reta;Urbano;2;2
281349;2007-09-24;Segunda;02:15:00;SP;116;125.9;CACAPAVA;Outras;Capotamento;Com Vítimas Feridas;Plena noite;Decrescente;Ceu Claro;Dupla;Reta;Urbano;1;1
281359;2007-09-21;Sexta;16:30:00;SP;116;222.0;GUARULHOS;Falta de atenção;Colisão lateral;Com Vítimas Feridas;Pleno dia;Crescente;Ceu Claro;Dupla;Reta;Urbano;2;1
281377;2007-09-21;Sexta;16:00:00;SP;116;222.3;GUARULHOS;Outras;Colisão traseira;Sem Vítimas;Plena noite;Crescente;Ceu Claro;Múltipla;Reta;Urbano;2;2
281442;2007-09-23;Domingo;01:00:00;SP;116;168.5;JACAREI;Outras;Colisão lateral;Sem Vítimas;Plena noite;Crescente;Ceu Claro;Dupla;Reta;Urbano;2;2
281518;2007-09-24;Segunda;05:00:00;SP;116;130.8;CACAPAVA;Falta de atenção;Colisão traseira;Sem Vítimas;Amanhecer;Decrescente;Ceu Claro;Dupla;Reta;Urbano;2;2
281542;2007-09-22;Sábado;04:20:00;SP;116;221.7;GUARULHOS;Falta de atenção;Queda de motocicleta / bicicleta / veículo;Com Vítimas Feridas;Plena noite;Decrescente;Ceu Claro;Múltipla;Reta;Urbano;1;1
281570;2007-09-21;Sexta;03:40:00;SP;116;110.1;TAUBATE;Animais na Pista;Atropelamento de animal;Sem Vítimas;Plena noite;Decrescente;Ceu Claro;Dupla;Curva;Urbano;1;1
281575;2007-09-23;Domingo;19:25:00;SP;116;204.9;ARUJA;Falta de atenção;Colisão traseira;Sem Vítimas;Plena noite;Crescente;Ceu Claro;Dupla;Reta;Rural;2;2
281699;2007-09-24;Segunda;14:30:00;SP;116;121.0;CACAPAVA;Defeito mecânico em veículo;Colisão traseira;Sem Vítimas;Pleno dia;Crescente;Nublado;Dupla;Reta;Rural;2;2
281705;2007-06-24;Domingo;05:30:00;SP;116;222.0;GUARULHOS;Outras;Capotamento;Sem Vítimas;Amanhecer;Crescente;Nublado;Dupla;Reta;Urbano;1;1
281744;2007-09-25;Terça;04:40:00;SP;116;198.3;ARUJA;Falta de atenção;Colisão traseira;Sem Vítimas;Plena noite;Crescente;Chuva;Múltipla;Reta;Urbano;2;2
281750;2007-09-24;Segunda;19:00:00;SP;116;222.5;GUARULHOS;Falta de atenção;Colisão traseira;Sem Vítimas;Plena noite;Crescente;Nublado;Múltipla;Reta;Urbano;3;3
281820;2007-09-20;Quinta;16:00:00;SP;116;175.8;GUARAREMA;Falta de atenção;Colisão traseira;Com Vítimas Feridas;Pleno dia;Decrescente;Ceu Claro;Dupla;Reta;Rural;3;2
281883;2007-09-23;Domingo;21:00:00;SP;116;177.5;GUARAREMA;Outras;Colisão traseira;Com Vítimas Feridas;Plena noite;Crescente;Ceu Claro;Dupla;Reta;Rural;2;2
281904;2007-09-23;Domingo;12:30:00;SP;116;223.0;GUARULHOS;Velocidade incompatível;Queda de motocicleta / bicicleta / veículo;Com Vítimas Feridas;Pleno dia;Decrescente;Sol;Múltipla;Curva;Rural;1;1
282063;2007-09-22;Sábado;15:00:00;SP;116;212.5;GUARULHOS;Falta de atenção;Colisão traseira;Sem Vítimas;Pleno dia;Crescente;Ceu Claro;Múltipla;Reta;Urbano;3;3
282113;2007-09-23;Domingo;11:30:00;SP;116;145.5;SAO JOSE DOS CAMPOS;Outras;Colisão traseira;Sem Vítimas;Pleno dia;Crescente;Sol;Dupla;Reta;Rural;2;2
282114;2007-09-22;Sábado;21:34:00;SP;116;214.7;GUARULHOS;Outras;Colisão com objeto fixo;Sem Vítimas;Plena noite;Crescente;Nublado;Múltipla;Reta;Urbano;1;1
282136;2007-09-21;Sexta;18:20:00;SP;116;142.1;SAO JOSE DOS CAMPOS;Velocidade incompatível;Colisão traseira;Sem Vítimas;Anoitecer;Decrescente;Ceu Claro;Dupla;Reta;Urbano;6;6
282163;2007-09-25;Terça;20:30:00;SP;116;224.0;GUARULHOS;Falta de atenção;Colisão traseira;Sem Vítimas;Plena noite;Decrescente;Nublado;Dupla;Reta;Urbano;1;1
282223;2007-09-24;Segunda;20:25:00;SP;116;223.0;GUARULHOS;Não guardar distância de segurança;Colisão traseira;Com Vítimas Feridas;Plena noite;Crescente;Ceu Claro;Múltipla;Reta;Urbano;5;4
282251;2007-09-21;Sexta;14:45:00;SP;116;224.0;GUARULHOS;Defeito mecânico em veículo;Colisão com objeto fixo;Com Vítimas Feridas;Pleno dia;Decrescente;Nublado;Múltipla;Reta;Urbano;3;3
282263;2007-09-20;Quinta;22:45:00;SP;116;225.8;GUARULHOS;Falta de atenção;Colisão traseira;Sem Vítimas;Plena noite;Decrescente;Ceu Claro;Múltipla;Reta;Urbano;3;3
282302;2007-09-24;Segunda;10:40:00;SP;116;219.0;GUARULHOS;Outras;Colisão traseira;Sem Vítimas;Pleno dia;Crescente;Ceu Claro;Dupla;Reta;Urbano;2;2
282364;2007-09-24;Segunda;18:30:00;SP;116;228.0;SAO PAULO;Falta de atenção;Colisão traseira;Com Vítimas Feridas;Anoitecer;Crescente;Nublado;Múltipla;Reta;Urbano;3;3
282405;2007-09-23;Domingo;16:30:00;SP;116;104.1;TAUBATE;Outras;Colisão com objeto fixo;Sem Vítimas;Pleno dia;Decrescente;Ceu Claro;Dupla;Reta;Urbano;1;1
282530;2007-09-25;Terça;19:00:00;SP;116;229.0;SAO PAULO;Falta de atenção;Colisão lateral;Sem Vítimas;Anoitecer;Decrescente;Nublado;Múltipla;Reta;Urbano;2;2
282651;2007-08-24;Sexta;17:30:00;SP;116;223.7;GUARULHOS;Outras;Colisão com bicicleta;Com Vítimas Feridas;Pleno dia;Crescente;Nublado;Múltipla;Reta;Urbano;2;2
282661;2007-09-25;Terça;11:30:00;SP;116;149.0;SAO JOSE DOS CAMPOS;Outras;Colisão traseira;Sem Vítimas;Pleno dia;Decrescente;Ceu Claro;Dupla;Reta;Urbano;3;3
282682;2007-09-23;Domingo;04:00:00;SP;116;221.0;GUARULHOS;Outras;Atropelamento de pessoa;Com Vítimas Fatais;Plena noite;Decrescente;Ceu Claro;Múltipla;Reta;Urbano;2;1
282690;2007-09-26;Quarta;05:30:00;SP;116;162.0;JACAREI;Outras;Colisão traseira;Sem Vítimas;Amanhecer;Crescente;Ceu Claro;Dupla;Reta;Urbano;2;2
282738;2007-09-27;Quinta;10:30:00;SP;116;161.0;JACAREI;Outras;Colisão traseira;Sem Vítimas;Pleno dia;Crescente;Nublado;Dupla;Reta;Urbano;9;9
282759;2007-09-23;Domingo;15:00:00;SP;116;107.8;TAUBATE;Não guardar distância de segurança;Colisão traseira;Sem Vítimas;Pleno dia;Crescente;Sol;Dupla;Reta;Urbano;2;2
282796;2007-09-26;Quarta;14:40:00;SP;116;205.5;ARUJA;Outras;Colisão traseira;Com Vítimas Feridas;Pleno dia;Crescente;Nublado;Dupla;Reta;Urbano;2;2
282850;2007-09-27;Quinta;17:45:00;SP;116;215.5;GUARULHOS;Falta de atenção;Colisão traseira;Com Vítimas Feridas;Pleno dia;Crescente;Nublado;Múltipla;Reta;Urbano;2;2
282873;2007-09-27;Quinta;19:27:00;SP;116;152.6;SAO JOSE DOS CAMPOS;Outras;Colisão traseira;Com Vítimas Feridas;Plena noite;Crescente;Nublado;Dupla;Reta;Urbano;2;2
282882;2007-09-24;Segunda;12:30:00;SP;116;229.8;SAO PAULO;Outras;Colisão lateral;Com Vítimas Feridas;Pleno dia;Crescente;Ceu Claro;Múltipla;Reta;Urbano;3;3
282890;2007-09-23;Domingo;13:40:00;SP;116;228.0;SAO PAULO;Velocidade incompatível;Colisão Transversal;Sem Vítimas;Pleno dia;Crescente;Sol;Múltipla;Reta;Urbano;3;3
282917;2007-09-27;Quinta;19:00:00;SP;116;134.5;SAO JOSE DOS CAMPOS;Outras;Colisão com objeto fixo;Sem Vítimas;Plena noite;Crescente;Nublado;Dupla;Reta;Rural;1;1
282968;2007-09-26;Quarta;08:16:00;SP;116;145.8;SAO JOSE DOS CAMPOS;Outras;Colisão lateral;Sem Vítimas;Pleno dia;Crescente;Nublado;Dupla;Reta;Urbano;2;2
282999;2007-09-26;Quarta;18:40:00;SP;116;159.7;JACAREI;Falta de atenção;Colisão com bicicleta;Com Vítimas Feridas;Anoitecer;Crescente;Nublado;Dupla;Reta;Urbano;2;2
283025;2007-09-24;Segunda;22:10:00;SP;116;217.0;GUARULHOS;Outras;Colisão com objeto fixo;Sem Vítimas;Plena noite;Decrescente;Chuva;Simples;Curva;Urbano;1;1
283043;2007-09-25;Terça;05:30:00;SP;116;197.0;ARUJA;Dormindo;Colisão traseira;Sem Vítimas;Amanhecer;Crescente;Nublado;Dupla;Reta;Rural;2;2
283050;2007-09-21;Sexta;21:10:00;SP;116;221.0;GUARULHOS;Outras;Colisão traseira;Sem Vítimas;Plena noite;Decrescente;Nublado;Múltipla;Reta;Urbano;2;2
283142;2007-09-23;Domingo;02:20:00;SP;116;224.4;GUARULHOS;Outras;Colisão com objeto fixo;Com Vítimas Feridas;Plena noite;Decrescente;Nublado;Múltipla;Reta;Urbano;1;1
283277;2007-09-27;Quinta;11:20:00;SP;116;158.0;JACAREI;Não guardar distância de segurança;Colisão traseira;Sem Vítimas;Pleno dia;Crescente;Sol;Dupla;Reta;Rural;3;3
283288;2007-09-28;Sexta;10:05:00;SP;116;140.5;SAO JOSE DOS CAMPOS;Ultrapassagem indevida;Queda de motocicleta / bicicleta / veículo;Sem Vítimas;Plena noite;Crescente;Ceu Claro;Simples;Reta;Urbano;2;2
283297;2007-09-28;Sexta;04:40:00;SP;116;223.8;GUARULHOS;Outras;Atropelamento de pessoa;Com Vítimas Fatais;Plena noite;Crescente;Nublado;Múltipla;Reta;Urbano;2;1
283307;2007-09-28;Sexta;16:30:00;SP;116;140.2;SAO JOSE DOS CAMPOS;Outras;Colisão traseira;Sem Vítimas;Pleno dia;Crescente;Chuva;Dupla;Reta;Urbano;2;2
283324;2007-09-28;Sexta;18:45:00;SP;116;138.8;SAO JOSE DOS CAMPOS;Ultrapassagem indevida;Colisão com objeto fixo;Sem Vítimas;Plena noite;Crescente;Nublado;Dupla;Reta;Urbano;2;2
283326;2007-09-28;Sexta;13:45:00;SP;116;185.0;SANTA ISABEL;Falta de atenção;Tombamento;Sem Vítimas;Pleno dia;Decrescente;Ceu Claro;Dupla;Reta;Rural;2;2
283337;2007-09-28;Sexta;20:30:00;SP;116;214.0;GUARULHOS;Outras;Colisão com objeto fixo;Sem Vítimas;Anoitecer;Decrescente;Ceu Claro;Múltipla;Reta;Urbano;2;2
283404;2007-09-28;Sexta;16:00:00;SP;116;140.0;SAO JOSE DOS CAMPOS;Falta de atenção;Colisão traseira;Sem Vítimas;Pleno dia;Decrescente;Chuva;Dupla;Reta;Rural;2;2
283419;2007-09-28;Sexta;16:05:00;SP;116;143.0;SAO JOSE DOS CAMPOS;Outras;Colisão com objeto fixo;Sem Vítimas;Pleno dia;Decrescente;Ceu Claro;Dupla;Reta;Rural;1;1
283466;2007-07-14;Sábado;03:30:00;SP;116;162.0;JACAREI;Outras;Colisão lateral;Sem Vítimas;Plena noite;Decrescente;Ceu Claro;Dupla;Reta;Urbano;2;2
283515;2007-09-26;Quarta;08:15:00;SP;116;145.8;SAO JOSE DOS CAMPOS;Outras;Colisão traseira;Sem Vítimas;Pleno dia;Crescente;Ceu Claro;Dupla;Reta;Urbano;3;3
283548;2007-09-26;Quarta;08:17:00;SP;116;180.9;GUARAREMA;Outras;Queda de motocicleta / bicicleta / veículo;Sem Vítimas;Pleno dia;Crescente;Ceu Claro;Múltipla;Reta;Rural;1;1
283565;2007-09-26;Quarta;17:45:00;SP;116;176.0;GUARAREMA;Outras;Atropelamento de pessoa;Com Vítimas Feridas;Anoitecer;Decrescente;Ceu Claro;Dupla;Reta;Rural;2;1
283572;2007-09-27;Quinta;18:50:00;SP;116;213.3;GUARULHOS;Outras;Queda de motocicleta / bicicleta / veículo;Com Vítimas Feridas;Plena noite;Crescente;Nublado;Múltipla;Reta;Urbano;1;1
283622;2007-09-27;Quinta;06:50:00;SP;116;225.5;GUARULHOS;Falta de atenção;Colisão lateral;Sem Vítimas;Pleno dia;Crescente;Nublado;Dupla;Reta;Urbano;2;2
283702;2007-09-25;Terça;23:00:00;SP;116;156.0;SAO JOSE DOS CAMPOS;Outras;Colisão traseira;Sem Vítimas;Plena noite;Decrescente;Ceu Claro;Dupla;Reta;Urbano;2;2
283715;2007-09-29;Sábado;19:00:00;SP;116;113.0;TAUBATE;Outras;Colisão lateral;Sem Vítimas;Plena noite;Decrescente;Ceu Claro;Dupla;Reta;Urbano;2;2
283750;2007-09-29;Sábado;23:30:00;SP;116;201.8;ARUJA;Ultrapassagem indevida;Colisão lateral;Sem Vítimas;Plena noite;Crescente;Nublado;Dupla;Reta;Urbano;2;2
283753;2007-09-29;Sábado;20:10:00;SP;116;222.8;GUARULHOS;Falta de atenção;Queda de motocicleta / bicicleta / veículo;Com Vítimas Feridas;Plena noite;Crescente;Nublado;Múltipla;Reta;Urbano;1;1
283953;2007-09-30;Domingo;05:30:00;SP;116;154.0;SAO JOSE DOS CAMPOS;Outras;Colisão com objeto fixo;Com Vítimas Feridas;Amanhecer;Crescente;Ceu Claro;Dupla;Reta;Urbano;1;1
284051;2007-09-30;Domingo;05:30:00;SP;116;198.0;ARUJA;Outras;Colisão com objeto fixo;Sem Vítimas;Amanhecer;Crescente;Nevoeiro/neblina;Dupla;Curva;Urbano;1;1
284212;2007-09-30;Domingo;06:00:00;SP;116;192.0;SANTA ISABEL;Dormindo;Capotamento;Com Vítimas Fatais;Amanhecer;Crescente;Ceu Claro;Dupla;Reta;Urbano;5;1
284241;2007-09-28;Sexta;15:30:00;SP;116;157.0;SAO JOSE DOS CAMPOS;Outras;Colisão traseira;Sem Vítimas;Pleno dia;Crescente;Chuva;Dupla;Reta;Urbano;2;2
284296;2007-05-03;Quinta;04:10:00;SP;116;100.0;PINDAMONHANGABA;Dormindo;Saída de Pista;Sem Vítimas;Plena noite;Crescente;Ceu Claro;Dupla;Reta;Urbano;1;1
284300;2007-09-28;Sexta;07:50:00;SP;116;219.0;GUARULHOS;Outras;Colisão traseira;Sem Vítimas;Pleno dia;Decrescente;Sol;Múltipla;Reta;Urbano;2;2
284303;2007-10-01;Segunda;07:59:00;SP;116;142.0;SAO JOSE DOS CAMPOS;Outras;Derramamento de Carga;Sem Vítimas;Pleno dia;Crescente;Ceu Claro;Dupla;Reta;Urbano;1;1
284332;2007-09-30;Domingo;11:15:00;SP;116;205.0;ARUJA;Falta de atenção;Colisão com objeto fixo;Sem Vítimas;Pleno dia;Decrescente;Nublado;Dupla;Reta;Rural;1;1
284403;2007-10-01;Segunda;17:30:00;SP;116;168.0;JACAREI;Ultrapassagem indevida;Colisão traseira;Sem Vítimas;Pleno dia;Decrescente;Ceu Claro;Dupla;Reta;Urbano;2;2
284444;2007-09-28;Sexta;15:05:00;SP;116;208.0;GUARULHOS;Outras;Colisão traseira;Sem Vítimas;Plena noite;Crescente;Chuva;Dupla;Reta;Urbano;2;2
284477;2007-10-01;Segunda;07:15:00;SP;116;209.0;GUARULHOS;Outras;Colisão lateral;Sem Vítimas;Pleno dia;Crescente;Nublado;Dupla;Reta;Urbano;1;1
284493;2007-09-27;Quinta;12:20:00;SP;116;228.0;SAO PAULO;Falta de atenção;Colisão traseira;Sem Vítimas;Pleno dia;Crescente;Sol;Múltipla;Reta;Urbano;2;2
284530;2007-10-01;Segunda;21:40:00;SP;116;119.5;CACAPAVA;Outras;Queda de motocicleta / bicicleta / veículo;Com Vítimas Feridas;Plena noite;Crescente;Ceu Claro;Dupla;Reta;Rural;1;1
284599;2007-10-01;Segunda;21:50:00;SP;116;191.0;SANTA ISABEL;Outras;Tombamento;Sem Vítimas;Plena noite;Crescente;Ceu Claro;Dupla;Reta;Rural;2;2
284687;2007-10-02;Terça;07:00:00;SP;116;164.0;JACAREI;Outras;Danos Eventuais;Sem Vítimas;Pleno dia;Crescente;Ceu Claro;Dupla;Reta;Urbano;2;2
284702;2007-10-01;Segunda;18:40:00;SP;116;219.0;GUARULHOS;Falta de atenção;Colisão traseira;Sem Vítimas;Pleno dia;Decrescente;Ceu Claro;Múltipla;Reta;Urbano;4;4
284745;2007-10-02;Terça;10:30:00;SP;116;229.0;SAO PAULO;Defeito mecânico em veículo;Colisão traseira;Sem Vítimas;Pleno dia;Crescente;Ceu Claro;Múltipla;Reta;Rural;2;2
284776;2007-10-01;Segunda;14:15:00;SP;116;219.0;GUARULHOS;Outras;Colisão traseira;Com Vítimas Feridas;Pleno dia;Decrescente;Sol;Múltipla;Reta;Urbano;2;2
284813;2007-09-28;Sexta;14:35:00;SP;116;199.8;ARUJA;Outras;Colisão lateral;Sem Vítimas;Pleno dia;Crescente;Chuva;Dupla;Reta;Urbano;2;2
284832;2007-09-28;Sexta;17:55:00;SP;116;212.2;GUARULHOS;Defeito mecânico em veículo;Colisão Transversal;Sem Vítimas;Pleno dia;Crescente;Nublado;Simples;Curva;Urbano;2;2
284839;2007-10-02;Terça;15:50:00;SP;116;107.0;TAUBATE;Outras;Colisão traseira;Sem Vítimas;Pleno dia;Crescente;Ceu Claro;Dupla;Reta;Urbano;2;2
284892;2007-10-02;Terça;05:30:00;SP;116;101.9;PINDAMONHANGABA;Outras;Colisão lateral;Com Vítimas Fatais;Amanhecer;Decrescente;Nublado;Dupla;Reta;Rural;3;2
284942;2007-10-02;Terça;22:15:00;SP;116;211.4;GUARULHOS;Falta de atenção;Colisão lateral;Sem Vítimas;Plena noite;Crescente;Ceu Claro;Múltipla;Reta;Urbano;2;2
284944;2007-10-01;Segunda;21:00:00;SP;116;210.5;GUARULHOS;Falta de atenção;Colisão lateral;Sem Vítimas;Plena noite;Crescente;Ceu Claro;Múltipla;Reta;Urbano;2;2
284965;2007-10-02;Terça;23:50:00;SP;116;121.8;CACAPAVA;Outras;Colisão traseira;Sem Vítimas;Plena noite;Crescente;Ceu Claro;Dupla;Reta;Rural;1;1
285025;2007-09-30;Domingo;16:05:00;SP;116;204.5;ARUJA;Falta de atenção;Colisão traseira;Sem Vítimas;Pleno dia;Decrescente;Nublado;Dupla;Reta;Rural;3;3
285037;2007-05-27;Domingo;22:40:00;SP;116;215.5;GUARULHOS;Outras;Colisão traseira;Sem Vítimas;Plena noite;Crescente;Nublado;Múltipla;Reta;Urbano;2;2
285239;2007-10-01;Segunda;12:30:00;SP;116;225.0;GUARULHOS;Outras;Saída de Pista;Sem Vítimas;Pleno dia;Crescente;Sol;Múltipla;Reta;Urbano;1;1
285375;2007-10-03;Quarta;18:40:00;SP;116;228.0;SAO PAULO;Falta de atenção;Queda de motocicleta / bicicleta / veículo;Com Vítimas Feridas;Anoitecer;Decrescente;Ceu Claro;Múltipla;Reta;Urbano;1;1
285447;2007-10-01;Segunda;22:20:00;SP;116;220.5;GUARULHOS;Outras;Colisão traseira;Sem Vítimas;Plena noite;Decrescente;Ceu Claro;Simples;Reta;Urbano;2;2
285476;2007-10-02;Terça;19:00:00;SP;116;150.3;SAO JOSE DOS CAMPOS;Outras;Colisão lateral;Com Vítimas Feridas;Plena noite;Decrescente;Ceu Claro;Dupla;Reta;Urbano;1;1
285486;2007-09-27;Quinta;23:30:00;SP;116;225.0;GUARULHOS;Outras;Colisão com objeto fixo;Sem Vítimas;Plena noite;Crescente;Ceu Claro;Múltipla;Reta;Urbano;1;1
285590;2007-10-01;Segunda;22:15:00;SP;116;155.0;SAO JOSE DOS CAMPOS;Falta de atenção;Colisão lateral;Com Vítimas Feridas;Plena noite;Decrescente;Ceu Claro;Dupla;Reta;Urbano;2;2
285614;2007-10-03;Quarta;22:30:00;SP;116;157.0;SAO JOSE DOS CAMPOS;Outras;Capotamento;Com Vítimas Feridas;Plena noite;Decrescente;Nublado;Dupla;Reta;Urbano;4;1
285644;2007-10-04;Quinta;12:10:00;SP;116;139.0;SAO JOSE DOS CAMPOS;Outras;Colisão traseira;Sem Vítimas;Pleno dia;Decrescente;Sol;Dupla;Reta;Rural;2;2
285649;2007-10-02;Terça;17:30:00;SP;116;224.8;GUARULHOS;Outras;Colisão lateral;Com Vítimas Feridas;Pleno dia;Decrescente;Ceu Claro;Múltipla;Reta;Urbano;2;2
285672;2007-10-03;Quarta;06:40:00;SP;116;221.8;GUARULHOS;Outras;Colisão lateral;Sem Vítimas;Pleno dia;Crescente;Nublado;Múltipla;Reta;Urbano;3;3
285682;2007-10-04;Quinta;20:00:00;SP;116;204.0;ARUJA;Não guardar distância de segurança;Colisão traseira;Sem Vítimas;Plena noite;Decrescente;Ceu Claro;Dupla;Reta;Urbano;2;2
285701;2007-10-04;Quinta;21:30:00;SP;116;209.7;GUARULHOS;Outras;Colisão lateral;Sem Vítimas;Plena noite;Decrescente;Nublado;Dupla;Reta;Urbano;2;2
285783;2007-09-30;Domingo;01:00:00;SP;116;147.0;SAO JOSE DOS CAMPOS;Ultrapassagem indevida;Colisão traseira;Sem Vítimas;Plena noite;Decrescente;Ceu Claro;Dupla;Reta;Urbano;3;3
285796;2007-07-08;Domingo;09:30:00;SP;116;99.0;PINDAMONHANGABA;Outras;Colisão traseira;Sem Vítimas;Pleno dia;Decrescente;Sol;Dupla;Reta;Rural;2;2
285804;2007-10-02;Terça;23:40:00;SP;116;181.0;GUARAREMA;Outras;Colisão com objeto móvel;Sem Vítimas;Plena noite;Decrescente;Ceu Claro;Dupla;Reta;Rural;1;1
285844;2007-10-04;Quinta;18:50:00;SP;116;212.0;GUARULHOS;Outras;Colisão traseira;Com Vítimas Feridas;Anoitecer;Decrescente;Nublado;Múltipla;Reta;Urbano;2;2
285852;2007-10-02;Terça;23:35:00;SP;116;181.0;GUARAREMA;Outras;Colisão com objeto móvel;Sem Vítimas;Plena noite;Decrescente;Ceu Claro;Dupla;Reta;Rural;1;1
285855;2007-10-04;Quinta;07:55:00;SP;116;155.0;SAO JOSE DOS CAMPOS;Outras;Colisão traseira;Sem Vítimas;Pleno dia;Decrescente;Ceu Claro;Dupla;Reta;Urbano;2;2
285859;2007-10-02;Terça;00:29:00;SP;116;116.2;TAUBATE;Animais na Pista;Atropelamento de animal;Sem Vítimas;Plena noite;Crescente;Ceu Claro;Dupla;Reta;Rural;2;2
285866;2007-10-04;Quinta;07:45:00;SP;116;156.0;SAO JOSE DOS CAMPOS;Outras;Colisão traseira;Sem Vítimas;Pleno dia;Decrescente;Ceu Claro;Dupla;Reta;Urbano;2;2
285885;2007-09-30;Domingo;19:40:00;SP;116;228.0;GUARULHOS;Outras;Colisão traseira;Com Vítimas Feridas;Plena noite;Decrescente;Nublado;Múltipla;Reta;Urbano;2;2
286004;2007-10-05;Sexta;18:40:00;SP;116;147.5;SAO JOSE DOS CAMPOS;Falta de atenção;Colisão traseira;Sem Vítimas;Plena noite;Crescente;Ceu Claro;Simples;Reta;Urbano;2;2
286010;2007-10-05;Sexta;14:10:00;SP;116;107.3;TAUBATE;Não guardar distância de segurança;Colisão traseira;Sem Vítimas;Pleno dia;Crescente;Sol;Dupla;Reta;Urbano;3;3
286018;2007-10-04;Quinta;08:40:00;SP;116;210.0;GUARULHOS;Falta de atenção;Colisão traseira;Sem Vítimas;Pleno dia;Crescente;Ceu Claro;Múltipla;Reta;Urbano;2;2
286106;2007-10-06;Sábado;03:00:00;SP;116;124.0;CACAPAVA;Dormindo;Colisão traseira;Sem Vítimas;Plena noite;Crescente;Ceu Claro;Dupla;Reta;Rural;2;2
286402;2007-10-05;Sexta;17:30:00;SP;116;225.0;GUARULHOS;Não guardar distância de segurança;Tombamento;Com Vítimas Feridas;Anoitecer;Decrescente;Nublado;Múltipla;Reta;Urbano;2;1
286417;2007-09-30;Domingo;08:06:00;SP;116;133.9;CACAPAVA;Outras;Colisão com bicicleta;Com Vítimas Feridas;Pleno dia;Decrescente;Ceu Claro;Dupla;Reta;Rural;3;3
286442;2007-10-01;Segunda;10:25:00;SP;116;206.5;GUARULHOS;Outras;Capotamento;Sem Vítimas;Pleno dia;Decrescente;Nublado;Múltipla;Reta;Urbano;1;1
286479;2007-10-06;Sábado;07:50:00;SP;116;228.5;SAO PAULO;Outras;Colisão lateral;Sem Vítimas;Pleno dia;Crescente;Ceu Claro;Múltipla;Reta;Urbano;2;2
286501;2007-10-05;Sexta;17:05:00;SP;116;225.0;GUARULHOS;Falta de atenção;Colisão traseira;Sem Vítimas;Pleno dia;Decrescente;Sol;Múltipla;Reta;Urbano;2;2
286553;2007-10-06;Sábado;07:00:00;SP;116;131.9;CACAPAVA;Não guardar distância de segurança;Colisão traseira;Com Vítimas Feridas;Pleno dia;Decrescente;Ceu Claro;Dupla;Reta;Urbano;2;2
286556;2007-10-04;Quinta;18:30:00;SP;116;144.0;SAO JOSE DOS CAMPOS;Outras;Colisão traseira;Sem Vítimas;Plena noite;Decrescente;Ceu Claro;Dupla;Reta;Urbano;2;2
286597;2007-10-07;Domingo;18:15:00;SP;116;123.0;CACAPAVA;Defeito mecânico em veículo;Colisão lateral;Sem Vítimas;Anoitecer;Crescente;Ceu Claro;Dupla;Reta;Rural;2;2
286669;2007-10-07;Domingo;01:20:00;SP;116;220.0;GUARULHOS;Outras;Colisão lateral;Com Vítimas Feridas;Plena noite;Decrescente;Nublado;Múltipla;Reta;Urbano;2;2
286690;2007-10-05;Sexta;22:30:00;SP;116;225.0;GUARULHOS;Falta de atenção;Colisão lateral;Sem Vítimas;Plena noite;Decrescente;Nublado;Múltipla;Reta;Urbano;2;2
286724;2007-10-03;Quarta;07:00:00;SP;116;202.0;ARUJA;Falta de atenção;Colisão lateral;Sem Vítimas;Pleno dia;Crescente;Ceu Claro;Múltipla;Reta;Rural;2;2
286792;2007-10-06;Sábado;08:45:00;SP;116;217.0;GUARULHOS;Outras;Colisão Transversal;Sem Vítimas;Pleno dia;Crescente;Ceu Claro;Múltipla;Reta;Urbano;2;2
286851;2007-10-06;Sábado;22:00:00;SP;116;219.0;GUARULHOS;Ultrapassagem indevida;Tombamento;Sem Vítimas;Plena noite;Crescente;Ceu Claro;Simples;Curva;Urbano;1;1
286910;2007-08-05;Domingo;14:15:00;SP;116;137.0;SAO JOSE DOS CAMPOS;Outras;Atropelamento de pessoa;Com Vítimas Feridas;Pleno dia;Decrescente;Ceu Claro;Dupla;Reta;Rural;2;1
286915;2007-10-06;Sábado;15:15:00;SP;116;220.0;GUARULHOS;Outras;Colisão lateral;Sem Vítimas;Pleno dia;Crescente;Sol;Múltipla;Reta;Urbano;2;2
287042;2007-10-06;Sábado;12:45:00;SP;116;222.3;GUARULHOS;Falta de atenção;Colisão lateral;Com Vítimas Feridas;Pleno dia;Decrescente;Ceu Claro;Múltipla;Reta;Urbano;4;3
287080;2007-10-07;Domingo;10:50:00;SP;116;214.5;GUARULHOS;Outras;Colisão traseira;Sem Vítimas;Pleno dia;Crescente;Ceu Claro;Múltipla;Reta;Urbano;2;2