id;data_inversa;dia_semana;horario;uf;br;km;municipio;causa_acidente;tipo_acidente;classificacao_acidente;fase_dia;sentido_via;condicao_metereologica;tipo_pista;tracado_via;uso_solo;pessoas;veiculos
287088;2007-10-05;Sexta;09:35:00;SP;116;218.0;GUARULHOS;Outras;Colisão traseira;Sem Vítimas;Pleno dia;Crescente;Ceu Claro;Múltipla;Reta;Urbano;2;2
287103;2007-10-07;Domingo;22:30:00;SP;116;218.0;GUARULHOS;Outras;Colisão com objeto fixo;Sem Vítimas;Plena noite;Decrescente;Ceu Claro;Dupla;Reta;Urbano;1;1
287104;2007-10-05;Sexta;23:30:00;SP;116;186.0;SANTA ISABEL;Falta de atenção;Colisão traseira;Sem Vítimas;Plena noite;Decrescente;Ceu Claro;Dupla;Reta;Rural;2;2
287123;2007-10-06;Sábado;16:00:00;SP;116;212.0;GUARULHOS;Falta de atenção;Colisão traseira;Com Vítimas Feridas;Pleno dia;Decrescente;Ceu Claro;Múltipla;Reta;Urbano;3;2
287213;2007-03-01;Quinta;06:30:00;SP;116;221.0;GUARULHOS;Outras;Colisão traseira;Sem Vítimas;Amanhecer;Crescente;Ceu Claro;Múltipla;Reta;Urbano;4;4
287250;2007-10-08;Segunda;04:45:00;SP;116;195.8;ARUJA;Falta de atenção;Colisão traseira;Sem Vítimas;Plena noite;Crescente;Ceu Claro;Dupla;Reta;Rural;2;2
287272;2007-10-06;Sábado;11:30:00;SP;116;145.0;SAO JOSE DOS CAMPOS;Outras;Colisão lateral;Com Vítimas Feridas;Pleno dia;Decrescente;Sol;Dupla;Reta;Urbano;3;2
287337;2007-10-08;Segunda;22:40:00;SP;116;153.0;SAO JOSE DOS CAMPOS;Outras;Colisão lateral;Sem Vítimas;Plena noite;Decrescente;Ceu Claro;Dupla;Reta;Urbano;2;2
287352;2007-10-07;Domingo;06:00:00;SP;116;226.0;GUARULHOS;Falta de atenção;Colisão traseira;Sem Vítimas;Amanhecer;Crescente;Ceu Claro;Múltipla;Reta;Urbano;2;2
287365;2007-10-07;Domingo;16:46:00;SP;116;99.0;PINDAMONHANGABA;Velocidade incompatível;Capotamento;Com Vítimas Feridas;Pleno dia;Crescente;Ceu Claro;Simples;Curva;Rural;1;1
287387;2007-10-07;Domingo;14:20:00;SP;116;172.9;JACAREI;Outras;Colisão lateral;Sem Vítimas;Pleno dia;Crescente;Sol;Dupla;Reta;Urbano;2;2
287401;2007-10-06;Sábado;17:47:00;SP;116;110.6;TAUBATE;Defeito mecânico em veículo;Queda de motocicleta / bicicleta / veículo;Com Vítimas Feridas;Pleno dia;Decrescente;Ceu Claro;Dupla;Reta;Urbano;2;1
287406;2007-10-03;Quarta;19:15:00;SP;116;143.5;SAO JOSE DOS CAMPOS;Outras;Colisão traseira;Sem Vítimas;Plena noite;Crescente;Ceu Claro;Dupla;Reta;Urbano;2;2
287446;2007-10-07;Domingo;04:38:00;SP;116;109.4;TAUBATE;Animais na Pista;Colisão com objeto fixo;Com Vítimas Feridas;Plena noite;Crescente;Ceu Claro;Dupla;Reta;Urbano;3;2
287456;2007-10-05;Sexta;15:15:00;SP;116;149.9;SAO JOSE DOS CAMPOS;Falta de atenção;Colisão Transversal;Sem Vítimas;Pleno dia;Decrescente;Ceu Claro;Dupla;Reta;Urbano;2;2
287464;2007-10-09;Terça;09:00:00;SP;116;122.0;CACAPAVA;Outras;Colisão traseira;Sem Vítimas;Pleno dia;Decrescente;Sol;Dupla;Reta;Rural;4;4
287578;2007-10-06;Sábado;19:00:00;SP;116;157.9;JACAREI;Falta de atenção;Colisão lateral;Sem Vítimas;Plena noite;Crescente;Ceu Claro;Dupla;Reta;Urbano;2;2
287711;2007-10-09;Terça;18:35:00;SP;116;146.1;SAO JOSE DOS CAMPOS;Falta de atenção;Colisão lateral;Sem Vítimas;Plena noite;Crescente;Ceu Claro;Dupla;Reta;Urbano;2;2
287722;2007-10-09;Terça;19:35:00;SP;116;157.0;SAO JOSE DOS CAMPOS;Falta de atenção;Colisão lateral;Sem Vítimas;Plena noite;Decrescente;Ceu Claro;Dupla;Reta;Urbano;2;2
287748;2007-10-06;Sábado;07:40:00;SP;116;161.9;JACAREI;Falta de atenção;Colisão traseira;Sem Vítimas;Pleno dia;Crescente;Sol;Dupla;Cruzamento;Urbano;3;3
287753;2007-10-06;Sábado;14:00:00;SP;116;220.0;GUARULHOS;Outras;Queda de motocicleta / bicicleta / veículo;Com Vítimas Feridas;Pleno dia;Crescente;Sol;Múltipla;Reta;Urbano;2;1
287816;2007-01-14;Domingo;21:50:00;SP;116;214.0;GUARULHOS;Falta de atenção;Colisão traseira;Com Vítimas Feridas;Plena noite;Decrescente;Ceu Claro;Múltipla;Reta;Urbano;1;1
287843;2007-10-08;Segunda;14:45:00;SP;116;204.0;ARUJA;Outras;Colisão traseira;Com Vítimas Feridas;Pleno dia;Crescente;Sol;Dupla;Reta;Urbano;3;2
287872;2007-10-10;Quarta;09:00:00;SP;116;224.9;GUARULHOS;Outras;Colisão traseira;Sem Vítimas;Pleno dia;Crescente;Ceu Claro;Múltipla;Reta;Urbano;1;1
287893;2007-10-07;Domingo;05:20:00;SP;116;166.4;JACAREI;Falta de atenção;Colisão traseira;Sem Vítimas;Amanhecer;Decrescente;Ceu Claro;Dupla;Reta;Rural;3;3
287930;2007-10-08;Segunda;18:00:00;SP;116;228.0;SAO PAULO;Falta de atenção;Colisão lateral;Com Vítimas Feridas;Anoitecer;Crescente;Ceu Claro;Múltipla;Reta;Urbano;2;2
287946;2007-10-09;Terça;06:31:00;SP;116;216.5;GUARULHOS;Falta de atenção;Colisão traseira;Com Vítimas Feridas;Amanhecer;Crescente;Ceu Claro;Múltipla;Reta;Urbano;2;2
288004;2007-10-09;Terça;11:30:00;SP;116;220.0;GUARULHOS;Falta de atenção;Colisão lateral;Sem Vítimas;Pleno dia;Crescente;Sol;Múltipla;Reta;Urbano;2;2
288048;2007-10-07;Domingo;05:30:00;SP;116;204.5;GUARULHOS;Falta de atenção;Queda de motocicleta / bicicleta / veículo;Com Vítimas Feridas;Amanhecer;Crescente;Ceu Claro;Dupla;Reta;Urbano;2;1
288074;2007-10-08;Segunda;09:30:00;SP;116;220.0;GUARULHOS;Não guardar distância de segurança;Colisão traseira;Sem Vítimas;Pleno dia;Crescente;Sol;Múltipla;Reta;Urbano;1;1
288092;2007-10-10;Quarta;09:10:00;SP;116;125.0;CACAPAVA;Outras;Colisão lateral;Sem Vítimas;Pleno dia;Decrescente;Ceu Claro;Dupla;Reta;Rural;2;2
288099;2007-10-10;Quarta;09:15:00;SP;116;225.0;GUARULHOS;Outras;Colisão lateral;Sem Vítimas;Pleno dia;Decrescente;Sol;Múltipla;Reta;Urbano;2;2
288132;2007-01-18;Quinta;16:35:00;SP;116;132.8;CACAPAVA;Outras;Colisão traseira;Sem Vítimas;Pleno dia;Crescente;Chuva;Dupla;Reta;Rural;2;2
288147;2007-10-06;Sábado;14:40:00;SP;116;212.0;GUARULHOS;Falta de atenção;Colisão traseira;Sem Vítimas;Pleno dia;Decrescente;Ceu Claro;Múltipla;Reta;Urbano;1;1
288162;2007-10-07;Domingo;07:30:00;SP;116;196.0;ARUJA;Outras;Colisão com objeto fixo;Com Vítimas Feridas;Pleno dia;Crescente;Ceu Claro;Dupla;Reta;Rural;1;1
288176;2007-07-13;Sexta;21:05:00;SP;116;223.3;GUARULHOS;Velocidade incompatível;Colisão com objeto fixo;Sem Vítimas;Plena noite;Crescente;Ceu Claro;Dupla;Reta;Urbano;1;1
288197;2007-10-06;Sábado;06:40:00;SP;116;111.6;TAUBATE;Outras;Colisão com bicicleta;Com Vítimas Feridas;Pleno dia;Crescente;Ceu Claro;Dupla;Reta;Rural;2;2
288327;2007-10-06;Sábado;20:15:00;SP;116;124.5;CACAPAVA;Animais na Pista;Atropelamento de animal;Sem Vítimas;Plena noite;Decrescente;Ceu Claro;Dupla;Reta;Rural;1;1
288365;2007-10-07;Domingo;17:50:00;SP;116;181.0;GUARAREMA;Outras;Colisão traseira;Sem Vítimas;Pleno dia;Crescente;Ceu Claro;Múltipla;Reta;Urbano;2;2
288401;2007-10-11;Quinta;08:20:00;SP;116;140.4;SAO JOSE DOS CAMPOS;Não guardar distância de segurança;Colisão traseira;Sem Vítimas;Pleno dia;Crescente;Ceu Claro;Dupla;Reta;Rural;4;4
288419;2007-10-05;Sexta;20:00:00;SP;116;228.0;GUARULHOS;Velocidade incompatível;Colisão traseira;Sem Vítimas;Plena noite;Decrescente;Ceu Claro;Múltipla;Reta;Urbano;2;2
288450;2007-10-11;Quinta;16:45:00;SP;116;110.7;TAUBATE;Desobediência à sinalização;Colisão lateral;Sem Vítimas;Pleno dia;Crescente;Ceu Claro;Dupla;Reta;Urbano;2;2
288491;2007-10-08;Segunda;23:00:00;SP;116;121.6;CACAPAVA;Outras;Colisão lateral;Sem Vítimas;Plena noite;Crescente;Ceu Claro;Simples;Reta;Rural;2;2
288567;2007-10-11;Quinta;21:50:00;SP;116;193.0;SANTA ISABEL;Outras;Saída de Pista;Com Vítimas Feridas;Plena noite;Crescente;Ceu Claro;Dupla;Curva;Urbano;1;1
288649;2007-10-11;Quinta;22:40:00;SP;116;218.5;GUARULHOS;Outras;Colisão traseira;Sem Vítimas;Plena noite;Decrescente;Nublado;Múltipla;Reta;Urbano;2;2
288748;2007-10-09;Terça;21:30:00;SP;116;219.0;GUARULHOS;Outras;Colisão traseira;Sem Vítimas;Plena noite;Decrescente;Ceu Claro;Múltipla;Reta;Urbano;2;2
288765;2007-10-05;Sexta;16:20:00;SP;116;218.5;GUARULHOS;Outras;Colisão com objeto fixo;Sem Vítimas;Pleno dia;Crescente;Ceu Claro;Múltipla;Reta;Urbano;1;1
288769;2007-10-09;Terça;04:50:00;SP;116;204.5;ARUJA;Outras;Colisão traseira;Sem Vítimas;Plena noite;Decrescente;Nublado;Dupla;Reta;Urbano;2;2
288783;2007-10-11;Quinta;07:00:00;SP;116;220.0;GUARULHOS;Outras;Colisão lateral;Sem Vítimas;Pleno dia;Crescente;Sol;Múltipla;Reta;Urbano;2;2
288928;2007-10-12;Sexta;10:50:00;SP;116;122.0;CACAPAVA;Falta de atenção;Colisão traseira;Sem Vítimas;Pleno dia;Decrescente;Ceu Claro;Dupla;Reta;Rural;2;2
289024;2007-10-09;Terça;11:02:00;SP;116;226.5;GUARULHOS;Outras;Colisão lateral;Sem Vítimas;Pleno dia;Crescente;Sol;Múltipla;Reta;Urbano;2;2
289078;2007-10-12;Sexta;07:30:00;SP;116;162.2;JACAREI;Outras;Colisão traseira;Sem Vítimas;Pleno dia;Crescente;Ceu Claro;Dupla;Reta;Urbano;4;4
289093;2007-10-09;Terça;19:55:00;SP;116;188.7;SANTA ISABEL;Falta de atenção;Colisão lateral;Com Vítimas Feridas;Plena noite;Crescente;Ceu Claro;Dupla;Reta;Rural;3;3
289134;2007-10-12;Sexta;06:30:00;SP;116;146.0;SAO JOSE DOS CAMPOS;Outras;Colisão lateral;Sem Vítimas;Pleno dia;Decrescente;Sol;Dupla;Reta;Urbano;4;4
289158;2007-10-06;Sábado;07:30:00;SP;116;146.0;SAO JOSE DOS CAMPOS;Outras;Colisão frontal;Sem Vítimas;Pleno dia;Crescente;Ceu Claro;Dupla;Reta;Urbano;2;2
289164;2007-10-10;Quarta;19:40:00;SP;116;145.0;SAO JOSE DOS CAMPOS;Outras;Colisão com objeto móvel;Sem Vítimas;Plena noite;Crescente;Ceu Claro;Dupla;Reta;Urbano;2;2
289173;2007-10-13;Sábado;11:40:00;SP;116;132.3;CACAPAVA;Outras;Queda de motocicleta / bicicleta / veículo;Com Vítimas Feridas;Pleno dia;Decrescente;Nublado;Dupla;Reta;Rural;2;1
289224;2007-10-10;Quarta;17:50:00;SP;116;113.8;TAUBATE;Outras;Colisão traseira;Sem Vítimas;Anoitecer;Crescente;Ceu Claro;Dupla;Reta;Urbano;2;2
289271;2007-10-12;Sexta;14:40:00;SP;116;225.5;GUARULHOS;Outras;Queda de motocicleta / bicicleta / veículo;Com Vítimas Feridas;Pleno dia;Decrescente;Sol;Múltipla;Reta;Urbano;2;1
289276;2007-10-09;Terça;18:00:00;SP;116;104.0;TAUBATE;Outras;Colisão traseira;Com Vítimas Feridas;Anoitecer;Crescente;Ceu Claro;Múltipla;Reta;Rural;2;2
289288;2007-10-13;Sábado;13:20:00;SP;116;165.0;JACAREI;Defeito mecânico em veículo;Colisão traseira;Sem Vítimas;Pleno dia;Decrescente;Nublado;Múltipla;Reta;Rural;2;2
289319;2007-10-14;Domingo;02:00:00;SP;116;215.5;GUARULHOS;Falta de atenção;Colisão traseira;Sem Vítimas;Plena noite;Decrescente;Ceu Claro;Múltipla;Reta;Urbano;7;7
289340;2007-10-13;Sábado;17:45:00;SP;116;105.2;TAUBATE;Outras;Capotamento;Com Vítimas Feridas;Anoitecer;Crescente;Ceu Claro;Múltipla;Reta;Rural;4;1
289377;2007-10-11;Quinta;00:30:00;SP;116;224.3;GUARULHOS;Outras;Colisão traseira;Sem Vítimas;Plena noite;Crescente;Ceu Claro;Múltipla;Reta;Urbano;2;2
289400;2007-10-11;Quinta;17:55:00;SP;116;110.7;TAUBATE;Desobediência à sinalização;Colisão lateral;Sem Vítimas;Pleno dia;Crescente;Ceu Claro;Dupla;Reta;Urbano;2;2
289406;2007-10-12;Sexta;08:00:00;SP;116;117.3;TAUBATE;Falta de atenção;Colisão traseira;Sem Vítimas;Pleno dia;Decrescente;Ceu Claro;Dupla;Reta;Rural;2;2
289427;2007-10-11;Quinta;00:30:00;SP;116;158.0;JACAREI;Outras;Queda de motocicleta / bicicleta / veículo;Com Vítimas Feridas;Plena noite;Decrescente;Ceu Claro;Simples;Reta;Urbano;1;1
289457;2007-10-11;Quinta;23:36:00;SP;116;219.0;GUARULHOS;Não guardar distância de segurança;Colisão traseira;Sem Vítimas;Plena noite;Decrescente;Ceu Claro;Múltipla;Reta;Urbano;3;3
289480;2007-10-12;Sexta;05:40:00;SP;116;223.5;GUARULHOS;Velocidade incompatível;Colisão com objeto fixo;Ignorado;Amanhecer;Decrescente;Ceu Claro;Simples;Reta;Urbano;1;1
289576;2007-10-14;Domingo;18:30:00;SP;116;204.0;ARUJA;Não guardar distância de segurança;Colisão traseira;Sem Vítimas;Pleno dia;Crescente;Ceu Claro;Dupla;Reta;Urbano;2;2
289578;2007-10-14;Domingo;17:30:00;SP;116;204.0;ARUJA;Não guardar distância de segurança;Colisão traseira;Sem Vítimas;Pleno dia;Decrescente;Nublado;Dupla;Reta;Rural;2;2
289617;2007-10-11;Quinta;18:30:00;SP;116;228.0;SAO PAULO;Outras;Colisão lateral;Sem Vítimas;Plena noite;Decrescente;Ceu Claro;Múltipla;Reta;Urbano;2;2
289621;2007-10-08;Segunda;10:00:00;SP;116;229.0;SAO PAULO;Outras;Colisão traseira;Sem Vítimas;Pleno dia;Crescente;Ceu Claro;Múltipla;Reta;Urbano;4;4
289636;2007-10-11;Quinta;07:15:00;SP;116;220.0;GUARULHOS;Falta de atenção;Colisão traseira;Sem Vítimas;Pleno dia;Crescente;Nublado;Múltipla;Reta;Urbano;3;3
289644;2007-10-12;Sexta;08:00:00;SP;116;117.5;TAUBATE;Outras;Colisão traseira;Sem Vítimas;Pleno dia;Decrescente;Ceu Claro;Dupla;Reta;Rural;1;1
289667;2007-10-14;Domingo;16:40:00;SP;116;117.0;TAUBATE;Falta de atenção;Colisão lateral;Sem Vítimas;Pleno dia;Decrescente;Nublado;Dupla;Reta;Urbano;2;2
289687;2007-10-10;Quarta;08:00:00;SP;116;218.7;GUARULHOS;Falta de atenção;Colisão lateral;Sem Vítimas;Pleno dia;Crescente;Ceu Claro;Múltipla;Reta;Urbano;2;2
289695;2007-10-12;Sexta;07:30:00;SP;116;117.5;TAUBATE;Falta de atenção;Colisão traseira;Sem Vítimas;Pleno dia;Decrescente;Sol;Dupla;Reta;Urbano;4;4
289909;2007-10-15;Segunda;07:15:00;SP;116;215.5;GUARULHOS;Defeito mecânico em veículo;Queda de motocicleta / bicicleta / veículo;Com Vítimas Feridas;Pleno dia;Crescente;Nublado;Múltipla;Reta;Urbano;1;1
289915;2007-10-11;Quinta;08:00:00;SP;116;158.5;JACAREI;Outras;Colisão traseira;Sem Vítimas;Pleno dia;Decrescente;Ceu Claro;Dupla;Reta;Rural;3;3
289947;2007-10-11;Quinta;17:20:00;SP;116;219.0;GUARULHOS;Defeito mecânico em veículo;Colisão traseira;Sem Vítimas;Pleno dia;Crescente;Ceu Claro;Múltipla;Reta;Urbano;5;5
290007;2007-10-10;Quarta;20:20:00;SP;116;144.0;SAO JOSE DOS CAMPOS;Outras;Colisão traseira;Com Vítimas Feridas;Plena noite;Crescente;Ceu Claro;Dupla;Reta;Urbano;4;3
290023;2007-10-11;Quinta;20:00:00;SP;116;219.0;GUARULHOS;Defeito mecânico em veículo;Colisão traseira;Sem Vítimas;Plena noite;Crescente;Ceu Claro;Múltipla;Reta;Urbano;5;5
290032;2007-10-14;Domingo;12:15:00;SP;116;225.9;GUARULHOS;Velocidade incompatível;Queda de motocicleta / bicicleta / veículo;Com Vítimas Feridas;Pleno dia;Crescente;Ceu Claro;Múltipla;Reta;Urbano;1;1
290136;2007-07-10;Terça;07:22:00;SP;116;134.7;SAO JOSE DOS CAMPOS;Não guardar distância de segurança;Colisão traseira;Sem Vítimas;Pleno dia;Crescente;Ceu Claro;Dupla;Reta;Urbano;3;3
290140;2007-10-15;Segunda;05:06:00;SP;116;162.5;JACAREI;Outras;Colisão com objeto fixo;Sem Vítimas;Amanhecer;Decrescente;Chuva;Múltipla;Reta;Rural;1;1
290156;2007-05-25;Sexta;18:00:00;SP;116;217.0;GUARULHOS;Outras;Colisão lateral;Sem Vítimas;Plena noite;Decrescente;Nublado;Múltipla;Reta;Urbano;2;2
290177;2007-10-10;Quarta;18:40:00;SP;116;156.4;SAO JOSE DOS CAMPOS;Outras;Colisão traseira;Sem Vítimas;Plena noite;Decrescente;Ceu Claro;Dupla;Reta;Urbano;3;3
290195;2007-10-11;Quinta;08:15:00;SP;116;158.0;SAO JOSE DOS CAMPOS;Outras;Colisão traseira;Sem Vítimas;Pleno dia;Decrescente;Ceu Claro;Dupla;Reta;Rural;2;2
290200;2007-10-15;Segunda;21:00:00;SP;116;195.0;ARUJA;Outras;Colisão com objeto fixo;Sem Vítimas;Plena noite;Decrescente;Nublado;Dupla;Reta;Urbano;1;1
290251;2007-10-09;Terça;15:15:00;SP;116;222.5;GUARULHOS;Outras;Colisão lateral;Sem Vítimas;Pleno dia;Decrescente;Sol;Múltipla;Reta;Urbano;2;2
290342;2007-10-11;Quinta;09:00:00;SP;116;155.0;SAO JOSE DOS CAMPOS;Outras;Colisão lateral;Sem Vítimas;Plena noite;Crescente;Ceu Claro;Dupla;Reta;Urbano;2;2
290352;2007-10-15;Segunda;19:00:00;SP;116;229.0;SAO PAULO;Outras;Colisão traseira;Sem Vítimas;Plena noite;Crescente;Nublado;Múltipla;Reta;Urbano;2;2
290546;2007-10-15;Segunda;05:00:00;SP;116;178.6;GUARAREMA;Outras;Colisão lateral;Sem Vítimas;Plena noite;Crescente;Chuva;Dupla;Reta;Urbano;2;2
290652;2007-10-12;Sexta;21:00:00;SP;116;224.0;GUARULHOS;Outras;Colisão traseira;Com Vítimas Feridas;Plena noite;Crescente;Ceu Claro;Múltipla;Reta;Urbano;2;2
290665;2007-10-12;Sexta;01:30:00;SP;116;224.7;GUARULHOS;Outras;Colisão traseira;Sem Vítimas;Plena noite;Decrescente;Ceu Claro;Múltipla;Reta;Urbano;2;2
290719;2007-10-12;Sexta;23:28:00;SP;116;108.3;TAUBATE;Falta de atenção;Colisão traseira;Com Vítimas Feridas;Plena noite;Crescente;Ceu Claro;Dupla;Reta;Urbano;3;2
290726;2007-10-12;Sexta;06:50:00;SP;116;158.5;JACAREI;Outras;Colisão traseira;Sem Vítimas;Pleno dia;Decrescente;Ceu Claro;Dupla;Reta;Urbano;3;3
290755;2007-10-17;Quarta;00:05:00;SP;116;104.1;TAUBATE;Defeito mecânico em veículo;Colisão traseira;Com Vítimas Feridas;Plena noite;Crescente;Ceu Claro;Dupla;Reta;Rural;2;2
290805;2007-10-17;Quarta;06:46:00;SP;116;165.0;JACAREI;Outras;Colisão traseira;Sem Vítimas;Pleno dia;Decrescente;Sol;Simples;Reta;Rural;2;2
291003;2007-10-11;Quinta;08:20:00;SP;116;159.0;JACAREI;Outras;Colisão traseira;Sem Vítimas;Pleno dia;Decrescente;Ceu Claro;Dupla;Reta;Urbano;2;2
291004;2007-10-17;Quarta;16:50:00;SP;116;145.0;SAO JOSE DOS CAMPOS;Não guardar distância de segurança;Colisão traseira;Sem Vítimas;Plena noite;Crescente;Sol;Dupla;Reta;Urbano;3;3
291016;2007-10-15;Segunda;08:15:00;SP;116;220.0;GUARULHOS;Outras;Colisão traseira;Com Vítimas Feridas;Pleno dia;Crescente;Sol;Múltipla;Reta;Urbano;2;2
291027;2007-10-11;Quinta;07:50:00;SP;116;144.0;SAO JOSE DOS CAMPOS;Outras;Colisão lateral;Com Vítimas Feridas;Pleno dia;Crescente;Ceu Claro;Dupla;Reta;Urbano;2;2
291036;2007-10-13;Sábado;16:10:00;SP;116;224.0;GUARULHOS;Falta de atenção;Saída de Pista;Com Vítimas Feridas;Pleno dia;Crescente;Nublado;Múltipla;Reta;Urbano;3;1
291061;2007-10-11;Quinta;18:50:00;SP;116;160.0;JACAREI;Outras;Colisão traseira;Sem Vítimas;Plena noite;Decrescente;Ceu Claro;Dupla;Reta;Urbano;3;3
291087;2007-10-15;Segunda;07:40:00;SP;116;223.4;GUARULHOS;Outras;Colisão traseira;Sem Vítimas;Pleno dia;Decrescente;Ceu Claro;Múltipla;Reta;Urbano;2;2
291099;2007-10-15;Segunda;15:00:00;SP;116;228.0;SAO PAULO;Outras;Colisão lateral;Sem Vítimas;Pleno dia;Crescente;Ceu Claro;Múltipla;Reta;Urbano;2;2
291104;2007-10-11;Quinta;21:00:00;SP;116;159.0;JACAREI;Outras;Colisão com objeto fixo;Sem Vítimas;Plena noite;Decrescente;Ceu Claro;Dupla;Reta;Urbano;1;1
291135;2007-10-17;Quarta;20:00:00;SP;116;217.0;GUARULHOS;Não guardar distância de segurança;Colisão traseira;Sem Vítimas;Plena noite;Crescente;Ceu Claro;Múltipla;Reta;Urbano;2;2
291206;2007-10-16;Terça;18:00:00;SP;116;217.5;GUARULHOS;Falta de atenção;Colisão traseira;Sem Vítimas;Pleno dia;Crescente;Nublado;Múltipla;Reta;Urbano;2;2
291207;2007-10-14;Domingo;11:40:00;SP;116;146.0;SAO JOSE DOS CAMPOS;Outras;Queda de motocicleta / bicicleta / veículo;Com Vítimas Feridas;Pleno dia;Decrescente;Ceu Claro;Dupla;Reta;Urbano;1;1
291232;2007-10-15;Segunda;04:10:00;SP;116;177.3;GUARAREMA;Dormindo;Colisão com objeto fixo;Com Vítimas Fatais;Plena noite;Crescente;Chuva;Dupla;Curva;Rural;1;1
291262;2007-10-17;Quarta;07:15:00;SP;116;214.0;GUARULHOS;Falta de atenção;Colisão traseira;Com Vítimas Feridas;Amanhecer;Crescente;Nublado;Múltipla;Reta;Urbano;2;2
291295;2007-10-17;Quarta;01:35:00;SP;116;222.0;GUARULHOS;Falta de atenção;Colisão com objeto fixo;Sem Vítimas;Plena noite;Decrescente;Nublado;Múltipla;Reta;Urbano;2;2
291324;2007-10-18;Quinta;13:15:00;SP;116;206.9;GUARULHOS;Falta de atenção;Colisão traseira;Sem Vítimas;Pleno dia;Crescente;Nublado;Dupla;Reta;Urbano;2;2
291352;2007-10-17;Quarta;14:30:00;SP;116;224.0;GUARULHOS;Defeito mecânico em veículo;Queda de motocicleta / bicicleta / veículo;Com Vítimas Feridas;Pleno dia;Decrescente;Neve;Múltipla;Reta;Urbano;3;3
291366;2007-10-17;Quarta;03:10:00;SP;116;225.0;GUARULHOS;Outras;Colisão traseira;Sem Vítimas;Plena noite;Crescente;Nublado;Múltipla;Reta;Urbano;2;2
291424;2007-10-18;Quinta;17:05:00;SP;116;199.1;ARUJA;Falta de atenção;Colisão traseira;Sem Vítimas;Pleno dia;Decrescente;Chuva;Múltipla;Reta;Urbano;2;2
291471;2007-10-18;Quinta;17:25:00;SP;116;109.4;TAUBATE;Outras;Colisão com objeto fixo;Sem Vítimas;Pleno dia;Crescente;Chuva;Dupla;Reta;Rural;1;1
291546;2007-10-18;Quinta;10:30:00;SP;116;137.7;SAO JOSE DOS CAMPOS;Defeito mecânico em veículo;Colisão com objeto fixo;Sem Vítimas;Pleno dia;Crescente;Ceu Claro;Dupla;Reta;Urbano;1;1
291554;2007-10-18;Quinta;19:25:00;SP;116;181.1;GUARAREMA;Animais na Pista;Atropelamento de animal;Sem Vítimas;Anoitecer;Decrescente;Nublado;Dupla;Reta;Rural;1;1
291565;2007-10-19;Sexta;00:15:00;SP;116;198.4;ARUJA;Dormindo;Colisão traseira;Sem Vítimas;Plena noite;Crescente;Nublado;Dupla;Reta;Rural;2;2
291580;2007-10-18;Quinta;15:50:00;SP;116;165.0;JACAREI;Dormindo;Colisão traseira;Com Vítimas Fatais;Pleno dia;Crescente;Nublado;Múltipla;Reta;Rural;3;3
291616;2007-10-19;Sexta;09:50:00;SP;116;125.0;CACAPAVA;Ultrapassagem indevida;Colisão lateral;Sem Vítimas;Pleno dia;Crescente;Nublado;Dupla;Reta;Rural;1;1
291629;2007-10-16;Terça;11:00:00;SP;116;201.0;ARUJA;Falta de atenção;Colisão lateral;Sem Vítimas;Pleno dia;Decrescente;Sol;Dupla;Reta;Urbano;2;2
291657;2007-10-15;Segunda;17:30:00;SP;116;154.5;SAO JOSE DOS CAMPOS;Outras;Colisão traseira;Sem Vítimas;Pleno dia;Crescente;Ceu Claro;Dupla;Reta;Urbano;4;4
291663;2007-10-16;Terça;17:30:00;SP;116;199.9;ARUJA;Falta de atenção;Colisão com bicicleta;Com Vítimas Feridas;Pleno dia;Decrescente;Sol;Dupla;Reta;Urbano;1;1
291665;2007-10-19;Sexta;12:50:00;SP;116;211.0;GUARULHOS;Outras;Colisão traseira;Sem Vítimas;Pleno dia;Decrescente;Chuva;Múltipla;Reta;Urbano;2;2
291667;2007-07-20;Sexta;14:30:00;SP;116;147.0;SAO JOSE DOS CAMPOS;Não guardar distância de segurança;Colisão traseira;Sem Vítimas;Pleno dia;Decrescente;Sol;Simples;Curva;Urbano;2;2
291718;2007-10-19;Sexta;10:00:00;SP;116;219.0;GUARULHOS;Falta de atenção;Colisão lateral;Sem Vítimas;Pleno dia;Crescente;Ceu Claro;Simples;Curva;Urbano;2;2
291808;2007-10-15;Segunda;07:50:00;SP;116;158.0;JACAREI;Outras;Colisão traseira;Sem Vítimas;Pleno dia;Decrescente;Nublado;Dupla;Reta;Urbano;3;3
291881;2007-10-19;Sexta;16:15:00;SP;116;117.0;TAUBATE;Falta de atenção;Capotamento;Sem Vítimas;Pleno dia;Decrescente;Nublado;Simples;Curva;Rural;1;1