id;data_inversa;dia_semana;horario;uf;br;km;municipio;causa_acidente;tipo_acidente;classificacao_acidente;fase_dia;sentido_via;condicao_metereologica;tipo_pista;tracado_via;uso_solo;pessoas;veiculos
291939;2007-10-19;Sexta;20:00:00;SP;116;220.0;GUARULHOS;Outras;Colisão traseira;Sem Vítimas;Plena noite;Decrescente;Chuva;Múltipla;Reta;Urbano;2;2
292075;2007-10-19;Sexta;01:30:00;SP;116;222.0;GUARULHOS;Outras;Colisão com objeto fixo;Sem Vítimas;Plena noite;Decrescente;Nublado;Múltipla;Reta;Urbano;1;1
292084;2007-10-20;Sábado;14:40:00;SP;116;145.0;SAO JOSE DOS CAMPOS;Outras;Colisão traseira;Sem Vítimas;Pleno dia;Crescente;Ceu Claro;Dupla;Reta;Urbano;2;2
292157;2007-10-20;Sábado;04:45:00;SP;116;211.2;GUARULHOS;Outras;Colisão traseira;Com Vítimas Feridas;Plena noite;Decrescente;Nublado;Múltipla;Reta;Urbano;2;2
292276;2007-10-19;Sexta;17:30:00;SP;116;210.0;GUARULHOS;Desobediência à sinalização;Colisão lateral;Sem Vítimas;Anoitecer;Decrescente;Ceu Claro;Simples;Reta;Urbano;2;2
292348;2007-10-17;Quarta;20:06:00;SP;116;112.6;TAUBATE;Outras;Colisão traseira;Sem Vítimas;Plena noite;Decrescente;Ceu Claro;Dupla;Reta;Urbano;3;3
292434;2007-10-19;Sexta;07:40:00;SP;116;173.0;JACAREI;Falta de atenção;Colisão com objeto fixo;Com Vítimas Feridas;Amanhecer;Crescente;Chuva;Simples;Curva;Rural;2;1
292455;2007-10-21;Domingo;05:20:00;SP;116;143.0;SAO JOSE DOS CAMPOS;Outras;Atropelamento de pessoa;Com Vítimas Feridas;Plena noite;Crescente;Nublado;Dupla;Reta;Urbano;2;1
292491;2007-10-21;Domingo;07:00:00;SP;116;143.0;SAO JOSE DOS CAMPOS;Falta de atenção;Colisão lateral;Sem Vítimas;Amanhecer;Decrescente;Sol;Dupla;Reta;Urbano;2;2
292496;2007-10-21;Domingo;19:10:00;SP;116;152.0;SAO JOSE DOS CAMPOS;Não guardar distância de segurança;Colisão com objeto fixo;Sem Vítimas;Plena noite;Crescente;Ceu Claro;Dupla;Reta;Urbano;2;2
292520;2007-10-21;Domingo;12:00:00;SP;116;121.0;CACAPAVA;Ingestão de álcool;Queda de motocicleta / bicicleta / veículo;Sem Vítimas;Pleno dia;Crescente;Ceu Claro;Dupla;Reta;Rural;2;1
292542;2007-10-18;Quinta;17:20:00;SP;116;145.0;SAO JOSE DOS CAMPOS;Outras;Colisão lateral;Com Vítimas Feridas;Pleno dia;Decrescente;Chuva;Dupla;Reta;Urbano;4;3
292577;2007-10-21;Domingo;17:45:00;SP;116;120.7;CACAPAVA;Outras;Queda de motocicleta / bicicleta / veículo;Com Vítimas Feridas;Pleno dia;Crescente;Sol;Dupla;Reta;Rural;1;1
292591;2007-10-22;Segunda;00:15:00;SP;116;210.0;GUARULHOS;Ingestão de álcool;Colisão lateral;Sem Vítimas;Plena noite;Decrescente;Chuva;Dupla;Reta;Urbano;2;2
292645;2007-10-21;Domingo;20:30:00;SP;116;146.0;SAO JOSE DOS CAMPOS;Outras;Colisão traseira;Sem Vítimas;Plena noite;Decrescente;Nublado;Simples;Reta;Urbano;2;2
292654;2007-10-21;Domingo;21:00:00;SP;116;211.0;GUARULHOS;Falta de atenção;Colisão traseira;Sem Vítimas;Plena noite;Crescente;Chuva;Múltipla;Reta;Urbano;2;2
292664;2007-10-20;Sábado;18:00:00;SP;116;191.9;SANTA ISABEL;Defeito mecânico em veículo;Tombamento;Sem Vítimas;Anoitecer;Decrescente;Ceu Claro;Simples;Curva;Rural;1;1
292746;2007-10-19;Sexta;13:00:00;SP;116;186.6;SANTA ISABEL;Outras;Colisão traseira;Com Vítimas Feridas;Pleno dia;Decrescente;Sol;Dupla;Reta;Urbano;2;2
292783;2007-10-21;Domingo;15:00:00;SP;116;225.0;GUARULHOS;Outras;Colisão com objeto fixo;Sem Vítimas;Pleno dia;Decrescente;Ceu Claro;Múltipla;Reta;Urbano;1;1
292786;2007-10-22;Segunda;08:25:00;SP;116;142.0;SAO JOSE DOS CAMPOS;Falta de atenção;Colisão traseira;Sem Vítimas;Pleno dia;Crescente;Ceu Claro;Dupla;Reta;Urbano;3;3
292873;2007-10-22;Segunda;12:45:00;SP;116;110.8;TAUBATE;Falta de atenção;Colisão lateral;Sem Vítimas;Pleno dia;Decrescente;Sol;Dupla;Reta;Urbano;2;2
292890;2007-10-19;Sexta;16:45:00;SP;116;225.8;GUARULHOS;Falta de atenção;Colisão traseira;Sem Vítimas;Pleno dia;Decrescente;Chuva;Múltipla;Reta;Urbano;2;2
292939;2007-10-20;Sábado;15:40:00;SP;116;168.6;JACAREI;Outras;Colisão lateral;Com Vítimas Feridas;Pleno dia;Decrescente;Ceu Claro;Múltipla;Reta;Rural;3;2
292947;2007-10-21;Domingo;07:20:00;SP;116;166.0;JACAREI;Outras;Colisão lateral;Com Vítimas Feridas;Pleno dia;Crescente;Ceu Claro;Dupla;Curva;Urbano;3;2
292950;2007-10-21;Domingo;06:40:00;SP;116;228.0;SAO PAULO;Falta de atenção;Tombamento;Com Vítimas Feridas;Pleno dia;Crescente;Ceu Claro;Múltipla;Reta;Urbano;1;1
292987;2007-10-19;Sexta;05:30:00;SP;116;199.7;ARUJA;Dormindo;Colisão lateral;Sem Vítimas;Amanhecer;Crescente;Ceu Claro;Dupla;Reta;Urbano;2;2
293024;2007-10-22;Segunda;09:30:00;SP;116;181.0;GUARAREMA;Falta de atenção;Colisão traseira;Sem Vítimas;Pleno dia;Crescente;Sol;Dupla;Reta;Rural;2;2
293074;2007-10-23;Terça;03:30:00;SP;116;179.5;GUARAREMA;Outras;Colisão traseira;Sem Vítimas;Plena noite;Crescente;Nublado;Dupla;Reta;Rural;2;2
293192;2007-10-21;Domingo;16:30:00;SP;116;201.2;ARUJA;Outras;Colisão com objeto fixo;Sem Vítimas;Pleno dia;Crescente;Sol;Simples;Curva;Urbano;1;1
293226;2007-10-19;Sexta;11:25:00;SP;116;118.8;TAUBATE;Defeito mecânico em veículo;Colisão lateral;Com Vítimas Feridas;Pleno dia;Crescente;Nublado;Dupla;Reta;Rural;4;2
293277;2007-10-19;Sexta;20:40:00;SP;116;127.8;CACAPAVA;Falta de atenção;Colisão traseira;Com Vítimas Feridas;Plena noite;Crescente;Nublado;Dupla;Reta;Urbano;2;2
293291;2007-10-21;Domingo;02:35:00;SP;116;216.5;GUARULHOS;Outras;Saída de Pista;Com Vítimas Feridas;Plena noite;Decrescente;Nublado;Múltipla;Reta;Urbano;1;1
293352;2007-10-18;Quinta;23:07:00;SP;116;228.3;SAO PAULO;Outras;Atropelamento de pessoa;Com Vítimas Fatais;Plena noite;Crescente;Chuva;Múltipla;Reta;Urbano;2;1
293408;2007-10-20;Sábado;14:40:00;SP;116;201.0;ARUJA;Outras;Tombamento;Sem Vítimas;Pleno dia;Crescente;Ceu Claro;Simples;Curva;Rural;1;1
293417;2007-10-21;Domingo;12:40:00;SP;116;152.0;SAO JOSE DOS CAMPOS;Falta de atenção;Colisão traseira;Com Vítimas Feridas;Pleno dia;Crescente;Ceu Claro;Dupla;Reta;Rural;2;2
293434;2007-10-22;Segunda;00:45:00;SP;116;148.0;SAO JOSE DOS CAMPOS;Falta de atenção;Capotamento;Com Vítimas Feridas;Plena noite;Crescente;Nublado;Dupla;Reta;Rural;2;1
293435;2007-10-20;Sábado;01:30:00;SP;116;140.8;SAO JOSE DOS CAMPOS;Falta de atenção;Colisão traseira;Sem Vítimas;Plena noite;Crescente;Nublado;Dupla;Reta;Rural;2;2
293447;2007-10-23;Terça;10:10:00;SP;116;115.4;TAUBATE;Falta de atenção;Queda de motocicleta / bicicleta / veículo;Com Vítimas Feridas;Pleno dia;Decrescente;Nublado;Dupla;Reta;Rural;1;1
293460;2007-10-24;Quarta;00:50:00;SP;116;125.4;CACAPAVA;Outras;Colisão com objeto fixo;Sem Vítimas;Plena noite;Decrescente;Nublado;Dupla;Reta;Urbano;1;1
293471;2007-10-23;Terça;07:50:00;SP;116;141.0;SAO JOSE DOS CAMPOS;Não guardar distância de segurança;Colisão traseira;Sem Vítimas;Pleno dia;Crescente;Nublado;Dupla;Reta;Rural;2;2
293481;2007-10-23;Terça;21:00:00;SP;116;214.0;GUARULHOS;Falta de atenção;Atropelamento de pessoa;Com Vítimas Fatais;Plena noite;Crescente;Chuva;Múltipla;Reta;Urbano;2;1
293513;2007-10-19;Sexta;07:35:00;SP;116;148.0;SAO JOSE DOS CAMPOS;Outras;Colisão traseira;Sem Vítimas;Pleno dia;Decrescente;Ceu Claro;Múltipla;Reta;Urbano;2;2
293551;2007-10-23;Terça;04:00:00;SP;116;226.0;GUARULHOS;Outras;Colisão traseira;Sem Vítimas;Plena noite;Decrescente;Ceu Claro;Múltipla;Reta;Urbano;1;1
293554;2007-10-24;Quarta;08:00:00;SP;116;155.0;SAO JOSE DOS CAMPOS;Outras;Colisão traseira;Sem Vítimas;Pleno dia;Decrescente;Chuva;Dupla;Reta;Urbano;2;2
293568;2007-10-23;Terça;20:30:00;SP;116;222.0;GUARULHOS;Falta de atenção;Queda de motocicleta / bicicleta / veículo;Com Vítimas Feridas;Plena noite;Crescente;Nublado;Múltipla;Reta;Urbano;1;1
293576;2007-10-23;Terça;12:20:00;SP;116;210.0;GUARULHOS;Falta de atenção;Colisão lateral;Sem Vítimas;Pleno dia;Crescente;Nublado;Múltipla;Reta;Urbano;3;3
293579;2007-10-19;Sexta;05:40:00;SP;116;228.0;SAO PAULO;Outras;Colisão lateral;Sem Vítimas;Pleno dia;Crescente;Nublado;Múltipla;Reta;Urbano;2;2
293584;2007-10-23;Terça;12:00:00;SP;116;222.7;GUARULHOS;Falta de atenção;Colisão lateral;Sem Vítimas;Pleno dia;Decrescente;Ceu Claro;Dupla;Reta;Urbano;2;2
293604;2007-10-21;Domingo;22:40:00;SP;116;221.0;GUARULHOS;Outras;Colisão traseira;Com Vítimas Feridas;Plena noite;Crescente;Chuva;Múltipla;Reta;Urbano;2;2
293626;2007-10-24;Quarta;10:20:00;SP;116;107.5;TAUBATE;Não guardar distância de segurança;Colisão traseira;Sem Vítimas;Pleno dia;Crescente;Chuva;Dupla;Reta;Urbano;2;2
293628;2007-10-24;Quarta;08:05:00;SP;116;150.5;SAO JOSE DOS CAMPOS;Outras;Colisão com objeto fixo;Sem Vítimas;Pleno dia;Decrescente;Chuva;Dupla;Reta;Rural;1;1
293665;2007-10-24;Quarta;10:11:00;SP;116;165.0;JACAREI;Defeito na via;Colisão traseira;Sem Vítimas;Pleno dia;Decrescente;Chuva;Dupla;Reta;Urbano;2;2
293806;2007-10-24;Quarta;13:45:00;SP;116;180.8;GUARAREMA;Não guardar distância de segurança;Colisão traseira;Sem Vítimas;Pleno dia;Crescente;Chuva;Dupla;Reta;Rural;2;2
293810;2007-10-20;Sábado;23:30:00;SP;116;212.0;GUARULHOS;Outras;Colisão frontal;Com Vítimas Fatais;Plena noite;Decrescente;Ceu Claro;Múltipla;Reta;Urbano;2;2
293814;2007-10-20;Sábado;23:00:00;SP;116;140.5;SAO JOSE DOS CAMPOS;Falta de atenção;Colisão traseira;Sem Vítimas;Plena noite;Crescente;Ceu Claro;Dupla;Reta;Rural;3;3
293835;2007-10-21;Domingo;03:30:00;SP;116;130.0;CACAPAVA;Outras;Atropelamento de pessoa;Com Vítimas Feridas;Plena noite;Crescente;Ceu Claro;Dupla;Reta;Rural;2;1
293845;2007-10-24;Quarta;17:15:00;SP;116;136.0;SAO JOSE DOS CAMPOS;Não guardar distância de segurança;Colisão traseira;Sem Vítimas;Pleno dia;Crescente;Chuva;Dupla;Reta;Rural;2;2
293860;2007-10-24;Quarta;22:00:00;SP;116;225.2;GUARULHOS;Falta de atenção;Colisão traseira;Com Vítimas Feridas;Plena noite;Decrescente;Chuva;Múltipla;Reta;Urbano;3;3
293880;2007-10-24;Quarta;20:00:00;SP;116;214.0;GUARULHOS;Falta de atenção;Colisão traseira;Sem Vítimas;Plena noite;Crescente;Chuva;Múltipla;Reta;Urbano;2;2
293888;2007-10-25;Quinta;00:40:00;SP;116;220.0;GUARULHOS;Dormindo;Colisão traseira;Com Vítimas Feridas;Plena noite;Crescente;Chuva;Múltipla;Reta;Urbano;2;2
293911;2007-10-24;Quarta;17:50:00;SP;116;141.3;SAO JOSE DOS CAMPOS;Não guardar distância de segurança;Colisão traseira;Sem Vítimas;Pleno dia;Crescente;Chuva;Dupla;Reta;Rural;4;4
293955;2007-10-23;Terça;11:00:00;SP;116;194.5;SANTA ISABEL;Ultrapassagem indevida;Colisão lateral;Sem Vítimas;Pleno dia;Crescente;Nublado;Dupla;Reta;Urbano;3;3
293978;2007-10-20;Sábado;06:15:00;SP;116;141.0;SAO JOSE DOS CAMPOS;Outras;Colisão lateral;Sem Vítimas;Amanhecer;Decrescente;Sol;Dupla;Reta;Urbano;2;2
294015;2007-10-21;Domingo;22:30:00;SP;116;164.5;JACAREI;Outras;Saída de Pista;Com Vítimas Fatais;Plena noite;Decrescente;Chuva;Dupla;Reta;Rural;2;2
294091;2007-10-24;Quarta;08:00:00;SP;116;224.0;GUARULHOS;Velocidade incompatível;Colisão traseira;Com Vítimas Feridas;Pleno dia;Decrescente;Chuva;Múltipla;Reta;Urbano;3;3
294118;2007-10-25;Quinta;15:20:00;SP;116;164.0;JACAREI;Outras;Colisão com objeto fixo;Sem Vítimas;Pleno dia;Decrescente;Chuva;Dupla;Reta;Urbano;2;2
294139;2007-10-24;Quarta;17:50:00;SP;116;177.3;GUARAREMA;Outras;Colisão traseira;Sem Vítimas;Pleno dia;Crescente;Chuva;Simples;Curva;Rural;2;2
294170;2007-10-25;Quinta;00:05:00;SP;116;183.5;SANTA ISABEL;Outras;Derramamento de Carga;Sem Vítimas;Plena noite;Decrescente;Chuva;Simples;Reta;Rural;4;4
294216;2007-10-25;Quinta;17:45:00;SP;116;142.3;SAO JOSE DOS CAMPOS;Outras;Colisão traseira;Com Vítimas Feridas;Pleno dia;Crescente;Chuva;Dupla;Reta;Urbano;2;2
294226;2007-10-25;Quinta;21:30:00;SP;116;145.6;SAO JOSE DOS CAMPOS;Não guardar distância de segurança;Colisão traseira;Sem Vítimas;Plena noite;Crescente;Chuva;Dupla;Reta;Urbano;2;2
294292;2007-10-24;Quarta;08:15:00;SP;116;198.0;ARUJA;Outras;Colisão lateral;Sem Vítimas;Pleno dia;Decrescente;Chuva;Dupla;Curva;Rural;2;2
294304;2007-10-24;Quarta;19:40:00;SP;116;202.0;ARUJA;Outras;Colisão com objeto fixo;Com Vítimas Feridas;Plena noite;Decrescente;Chuva;Dupla;Reta;Urbano;1;1
294317;2007-10-25;Quinta;03:00:00;SP;116;194.2;SANTA ISABEL;Falta de atenção;Colisão traseira;Com Vítimas Feridas;Plena noite;Decrescente;Chuva;Dupla;Reta;Urbano;2;2
294319;2007-10-24;Quarta;11:25:00;SP;116;215.8;GUARULHOS;Outras;Colisão lateral;Sem Vítimas;Pleno dia;Crescente;Chuva;Múltipla;Reta;Urbano;3;3
294349;2007-10-22;Segunda;13:35:00;SP;116;214.0;GUARULHOS;Falta de atenção;Colisão com objeto fixo;Com Vítimas Feridas;Pleno dia;Decrescente;Ceu Claro;Múltipla;Reta;Urbano;1;1
294354;2007-10-22;Segunda;23:40:00;SP;116;103.5;TAUBATE;Falta de atenção;Colisão traseira;Sem Vítimas;Plena noite;Decrescente;Nublado;Dupla;Reta;Urbano;2;2
294364;2007-10-24;Quarta;11:40:00;SP;116;228.7;SAO PAULO;Outras;Colisão com objeto fixo;Sem Vítimas;Pleno dia;Crescente;Chuva;Múltipla;Reta;Urbano;1;1
294373;2007-10-24;Quarta;13:50:00;SP;116;211.0;GUARULHOS;Falta de atenção;Colisão traseira;Com Vítimas Feridas;Pleno dia;Crescente;Chuva;Múltipla;Reta;Urbano;3;3
294383;2007-10-25;Quinta;00:50:00;SP;116;229.5;SAO PAULO;Outras;Colisão lateral;Sem Vítimas;Plena noite;Decrescente;Chuva;Múltipla;Reta;Urbano;4;4
294393;2007-10-26;Sexta;11:45:00;SP;116;216.0;GUARULHOS;Falta de atenção;Colisão com objeto fixo;Sem Vítimas;Pleno dia;Decrescente;Nublado;Múltipla;Reta;Urbano;1;1
294443;2007-10-26;Sexta;08:15:00;SP;116;143.2;SAO JOSE DOS CAMPOS;Falta de atenção;Colisão traseira;Sem Vítimas;Pleno dia;Crescente;Nublado;Dupla;Reta;Urbano;3;3
294533;2007-10-23;Terça;18:00:00;SP;116;217.6;GUARULHOS;Outras;Colisão traseira;Sem Vítimas;Plena noite;Crescente;Nublado;Múltipla;Reta;Urbano;3;3
294538;2007-10-24;Quarta;11:15:00;SP;116;202.0;ARUJA;Outras;Colisão com objeto fixo;Sem Vítimas;Pleno dia;Decrescente;Chuva;Dupla;Reta;Urbano;1;1
294545;2007-10-25;Quinta;21:30:00;SP;116;218.4;GUARULHOS;Outras;Colisão traseira;Com Vítimas Feridas;Plena noite;Crescente;Nublado;Múltipla;Reta;Urbano;2;2
294555;2007-10-26;Sexta;12:10:00;SP;116;103.0;PINDAMONHANGABA;Animais na Pista;Atropelamento de animal;Sem Vítimas;Pleno dia;Decrescente;Sol;Dupla;Reta;Urbano;1;1
294558;2007-10-26;Sexta;05:45:00;SP;116;220.0;GUARULHOS;Outras;Colisão traseira;Sem Vítimas;Pleno dia;Decrescente;Chuva;Múltipla;Reta;Urbano;2;2
294590;2007-10-24;Quarta;17:51:00;SP;116;177.3;GUARAREMA;Outras;Colisão lateral;Sem Vítimas;Pleno dia;Crescente;Chuva;Dupla;Curva;Rural;3;3
294608;2007-10-24;Quarta;22:40:00;SP;116;183.0;SANTA ISABEL;Outras;Tombamento;Com Vítimas Feridas;Plena noite;Decrescente;Chuva;Dupla;Reta;Rural;1;1
294638;2007-10-26;Sexta;08:40:00;SP;116;168.0;JACAREI;Falta de atenção;Atropelamento de pessoa;Com Vítimas Feridas;Pleno dia;Decrescente;Nublado;Dupla;Reta;Rural;2;1
294643;2007-10-24;Quarta;11:15:00;SP;116;215.8;GUARULHOS;Não guardar distância de segurança;Colisão traseira;Sem Vítimas;Pleno dia;Crescente;Chuva;Múltipla;Reta;Urbano;4;4
294647;2007-10-26;Sexta;15:20:00;SP;116;228.4;SAO PAULO;Outras;Colisão lateral;Com Vítimas Feridas;Pleno dia;Crescente;Ceu Claro;Múltipla;Reta;Urbano;3;2
294661;2007-10-26;Sexta;22:10:00;SP;116;214.9;GUARULHOS;Falta de atenção;Colisão traseira;Sem Vítimas;Plena noite;Decrescente;Ceu Claro;Múltipla;Reta;Urbano;6;6
294682;2007-10-26;Sexta;20:10:00;SP;116;107.5;TAUBATE;Outras;Colisão com objeto fixo;Sem Vítimas;Plena noite;Decrescente;Nublado;Dupla;Reta;Urbano;1;1
294743;2007-10-27;Sábado;04:17:00;SP;116;140.2;SAO JOSE DOS CAMPOS;Dormindo;Saída de Pista;Sem Vítimas;Plena noite;Decrescente;Ceu Claro;Dupla;Reta;Rural;1;1
294775;2007-10-24;Quarta;09:30:00;SP;116;225.0;GUARULHOS;Falta de atenção;Colisão traseira;Sem Vítimas;Pleno dia;Decrescente;Chuva;Dupla;Reta;Urbano;2;2
294783;2007-10-24;Quarta;14:50:00;SP;116;219.2;GUARULHOS;Outras;Colisão traseira;Com Vítimas Feridas;Pleno dia;Crescente;Chuva;Múltipla;Reta;Urbano;4;4
294786;2007-10-24;Quarta;15:10:00;SP;116;223.5;GUARULHOS;Falta de atenção;Colisão traseira;Com Vítimas Feridas;Pleno dia;Decrescente;Chuva;Dupla;Reta;Rural;2;2
294787;2007-10-19;Sexta;21:00:00;SP;116;184.0;SANTA ISABEL;Outras;Atropelamento de pessoa;Com Vítimas Fatais;Plena noite;Crescente;Ceu Claro;Dupla;Reta;Urbano;2;1
294811;2007-10-25;Quinta;15:30:00;SP;116;228.0;SAO PAULO;Defeito mecânico em veículo;Colisão traseira;Com Vítimas Feridas;Pleno dia;Crescente;Chuva;Múltipla;Reta;Urbano;3;2
294830;2007-10-24;Quarta;04:20:00;SP;116;192.0;SANTA ISABEL;Dormindo;Colisão com objeto fixo;Sem Vítimas;Plena noite;Decrescente;Chuva;Dupla;Reta;Urbano;1;1
294848;2007-10-25;Quinta;10:00:00;SP;116;216.0;GUARULHOS;Outras;Colisão traseira;Sem Vítimas;Pleno dia;Crescente;Chuva;Múltipla;Reta;Urbano;3;3
294868;2007-10-25;Quinta;11:20:00;SP;116;224.0;GUARULHOS;Defeito mecânico em veículo;Incêndio;Sem Vítimas;Pleno dia;Crescente;Chuva;Múltipla;Reta;Urbano;1;1
294887;2007-10-24;Quarta;08:10:00;SP;116;197.5;ARUJA;Outras;Saída de Pista;Sem Vítimas;Pleno dia;Decrescente;Chuva;Dupla;Reta;Urbano;1;1
294922;2007-10-25;Quinta;06:40:00;SP;116;229.0;SAO PAULO;Falta de atenção;Colisão lateral;Sem Vítimas;Pleno dia;Crescente;Chuva;Dupla;Reta;Rural;2;2
294968;2007-10-25;Quinta;20:30:00;SP;116;147.0;SAO JOSE DOS CAMPOS;Outras;Colisão traseira;Sem Vítimas;Plena noite;Crescente;Nublado;Dupla;Reta;Rural;2;2
294987;2007-10-26;Sexta;05:45:00;SP;116;219.2;GUARULHOS;Desobediência à sinalização;Atropelamento de pessoa;Com Vítimas Feridas;Amanhecer;Decrescente;Nublado;Múltipla;Reta;Urbano;2;1
294991;2007-10-27;Sábado;10:50:00;SP;116;109.8;TAUBATE;Não guardar distância de segurança;Colisão traseira;Com Vítimas Feridas;Pleno dia;Decrescente;Ceu Claro;Dupla;Reta;Urbano;4;3
295066;2007-10-27;Sábado;17:00:00;SP;116;110.5;TAUBATE;Falta de atenção;Colisão traseira;Sem Vítimas;Pleno dia;Decrescente;Ceu Claro;Simples;Curva;Urbano;2;2
295080;2007-10-27;Sábado;17:45:00;SP;116;130.3;CACAPAVA;Falta de atenção;Colisão traseira;Sem Vítimas;Pleno dia;Decrescente;Ceu Claro;Dupla;Reta;Rural;2;2
295140;2007-10-28;Domingo;02:50:00;SP;116;221.0;GUARULHOS;Outras;Queda de motocicleta / bicicleta / veículo;Com Vítimas Feridas;Amanhecer;Decrescente;Ceu Claro;Múltipla;Reta;Urbano;2;1
295163;2007-10-28;Domingo;04:40:00;SP;116;134.0;CACAPAVA;Outras;Colisão traseira;Com Vítimas Feridas;Plena noite;Decrescente;Ceu Claro;Dupla;Reta;Urbano;2;2
295187;2007-10-26;Sexta;00:10:00;SP;116;223.4;GUARULHOS;Outras;Colisão com objeto fixo;Com Vítimas Feridas;Plena noite;Crescente;Nublado;Dupla;Reta;Urbano;1;1
295198;2007-10-27;Sábado;05:35:00;SP;116;219.0;GUARULHOS;Outras;Derramamento de Carga;Sem Vítimas;Amanhecer;Crescente;Ceu Claro;Simples;Curva;Urbano;1;1
295249;2007-10-24;Quarta;12:40:00;SP;116;217.5;GUARULHOS;Outras;Colisão lateral;Com Vítimas Feridas;Pleno dia;Crescente;Chuva;Múltipla;Reta;Urbano;16;2
295260;2007-10-24;Quarta;08:30:00;SP;116;222.8;GUARULHOS;Outras;Colisão traseira;Sem Vítimas;Pleno dia;Decrescente;Chuva;Múltipla;Reta;Urbano;2;2
295266;2007-10-28;Domingo;15:30:00;SP;116;111.4;TAUBATE;Outras;Colisão com objeto fixo;Sem Vítimas;Pleno dia;Crescente;Ceu Claro;Dupla;Reta;Urbano;1;1
295288;2007-10-26;Sexta;19:50:00;SP;116;211.0;GUARULHOS;Outras;Saída de Pista;Com Vítimas Feridas;Plena noite;Crescente;Nublado;Múltipla;Reta;Urbano;2;1
295315;2007-10-28;Domingo;12:20:00;SP;116;108.0;TAUBATE;Falta de atenção;Colisão traseira;Com Vítimas Feridas;Pleno dia;Crescente;Ceu Claro;Dupla;Reta;Urbano;2;2
295370;2007-10-22;Segunda;22:20:00;SP;116;223.0;GUARULHOS;Ingestão de álcool;Colisão traseira;Sem Vítimas;Plena noite;Decrescente;Nublado;Múltipla;Reta;Urbano;2;2
295374;2007-10-27;Sábado;19:05:00;SP;116;212.2;GUARULHOS;Outras;Colisão traseira;Com Vítimas Feridas;Plena noite;Crescente;Ceu Claro;Múltipla;Reta;Urbano;4;2
295395;2007-10-24;Quarta;02:20:00;SP;116;223.0;GUARULHOS;Outras;Colisão com objeto fixo;Com Vítimas Feridas;Plena noite;Decrescente;Chuva;Múltipla;Reta;Urbano;1;1
295417;2007-10-27;Sábado;18:30:00;SP;116;217.0;GUARULHOS;Outras;Colisão com objeto fixo;Com Vítimas Feridas;Pleno dia;Crescente;Chuva;Múltipla;Reta;Urbano;2;1
295420;2007-10-24;Quarta;22:00:00;SP;116;225.0;GUARULHOS;Outras;Colisão lateral;Sem Vítimas;Plena noite;Decrescente;Chuva;Múltipla;Reta;Urbano;4;4
295468;2007-10-29;Segunda;03:15:00;SP;116;114.0;TAUBATE;Outras;Atropelamento de animal;Sem Vítimas;Plena noite;Decrescente;Nublado;Dupla;Reta;Urbano;1;1
295516;2007-10-26;Sexta;06:00:00;SP;116;149.0;SAO JOSE DOS CAMPOS;Falta de atenção;Colisão traseira;Sem Vítimas;Pleno dia;Decrescente;Sol;Dupla;Reta;Urbano;2;2
295550;2007-10-27;Sábado;16:20:00;SP;116;165.0;JACAREI;Outras;Colisão lateral;Sem Vítimas;Pleno dia;Decrescente;Nublado;Múltipla;Reta;Urbano;2;2
295564;2007-10-26;Sexta;08:15:00;SP;116;145.0;SAO JOSE DOS CAMPOS;Outras;Colisão traseira;Sem Vítimas;Pleno dia;Crescente;Sol;Dupla;Reta;Urbano;1;1
295571;2007-10-27;Sábado;16:45:00;SP;116;227.0;SAO PAULO;Defeito mecânico em veículo;Colisão com objeto fixo;Sem Vítimas;Pleno dia;Decrescente;Nublado;Múltipla;Reta;Urbano;1;1
295605;2007-10-26;Sexta;04:55:00;SP;116;129.8;CACAPAVA;Outras;Colisão traseira;Sem Vítimas;Plena noite;Decrescente;Nublado;Dupla;Reta;Rural;2;2
295630;2007-10-26;Sexta;07:25:00;SP;116;134.0;SAO JOSE DOS CAMPOS;Outras;Colisão lateral;Sem Vítimas;Pleno dia;Decrescente;Sol;Dupla;Reta;Rural;2;2
295668;2007-10-26;Sexta;05:05:00;SP;116;107.0;TAUBATE;Outras;Saída de Pista;Sem Vítimas;Plena noite;Decrescente;Nublado;Dupla;Reta;Urbano;1;1
295703;2007-10-28;Domingo;05:49:00;SP;116;142.6;SAO JOSE DOS CAMPOS;Falta de atenção;Colisão lateral;Com Vítimas Fatais;Amanhecer;Crescente;Ceu Claro;Dupla;Reta;Urbano;2;2
295752;2007-10-29;Segunda;17:30:00;SP;116;145.0;SAO JOSE DOS CAMPOS;Falta de atenção;Colisão traseira;Sem Vítimas;Pleno dia;Decrescente;Nublado;Dupla;Reta;Urbano;2;2
295789;2007-10-29;Segunda;07:15:00;SP;116;148.5;SAO JOSE DOS CAMPOS;Outras;Colisão com objeto fixo;Sem Vítimas;Pleno dia;Decrescente;Sol;Dupla;Reta;Urbano;2;2