id;data_inversa;dia_semana;horario;uf;br;km;municipio;causa_acidente;tipo_acidente;classificacao_acidente;fase_dia;sentido_via;condicao_metereologica;tipo_pista;tracado_via;uso_solo;pessoas;veiculos
295794;2007-10-26;Sexta;10:00:00;SP;116;144.9;SAO JOSE DOS CAMPOS;Outras;Colisão traseira;Sem Vítimas;Pleno dia;Crescente;Ceu Claro;Dupla;Reta;Urbano;2;2
295798;2007-10-28;Domingo;12:50:00;SP;116;154.0;SAO JOSE DOS CAMPOS;Outras;Atropelamento de pessoa;Com Vítimas Fatais;Pleno dia;Decrescente;Sol;Dupla;Reta;Urbano;2;1
295821;2007-10-24;Quarta;13:50:00;SP;116;211.0;GUARULHOS;Falta de atenção;Colisão traseira;Sem Vítimas;Pleno dia;Crescente;Chuva;Dupla;Reta;Urbano;1;1
295967;2007-10-23;Terça;08:10:00;SP;116;213.5;GUARULHOS;Falta de atenção;Colisão lateral;Sem Vítimas;Pleno dia;Decrescente;Chuva;Múltipla;Reta;Urbano;2;2
296181;2007-10-30;Terça;16:50:00;SP;116;116.0;TAUBATE;Falta de atenção;Colisão lateral;Sem Vítimas;Pleno dia;Decrescente;Ceu Claro;Dupla;Reta;Urbano;2;2
296232;2007-10-28;Domingo;06:20:00;SP;116;217.0;GUARULHOS;Outras;Colisão lateral;Sem Vítimas;Pleno dia;Decrescente;Nublado;Múltipla;Reta;Urbano;2;2
296252;2007-10-28;Domingo;01:45:00;SP;116;227.0;SAO PAULO;Outras;Colisão traseira;Sem Vítimas;Plena noite;Crescente;Ceu Claro;Múltipla;Reta;Urbano;2;2
296258;2007-10-30;Terça;10:00:00;SP;116;219.0;GUARULHOS;Outras;Colisão traseira;Sem Vítimas;Pleno dia;Crescente;Sol;Múltipla;Reta;Urbano;3;3
296263;2007-10-29;Segunda;06:00:00;SP;116;217.0;GUARULHOS;Defeito na via;Colisão com objeto fixo;Sem Vítimas;Amanhecer;Crescente;Ceu Claro;Múltipla;Reta;Urbano;1;1
296272;2007-08-23;Quinta;14:00:00;SP;116;229.0;SAO PAULO;Outras;Colisão traseira;Com Vítimas Feridas;Pleno dia;Crescente;Ceu Claro;Múltipla;Reta;Urbano;3;3
296274;2007-10-24;Quarta;11:00:00;SP;116;224.0;GUARULHOS;Não guardar distância de segurança;Colisão traseira;Sem Vítimas;Pleno dia;Decrescente;Chuva;Múltipla;Reta;Urbano;2;2
296338;2007-10-30;Terça;19:00:00;SP;116;225.0;GUARULHOS;Falta de atenção;Colisão traseira;Sem Vítimas;Plena noite;Decrescente;Ceu Claro;Múltipla;Reta;Urbano;3;3
296343;2007-10-30;Terça;20:00:00;SP;116;156.5;SAO JOSE DOS CAMPOS;Defeito mecânico em veículo;Colisão com objeto móvel;Sem Vítimas;Plena noite;Decrescente;Ceu Claro;Dupla;Reta;Urbano;2;2
296398;2007-10-30;Terça;22:00:00;SP;116;192.8;SANTA ISABEL;Falta de atenção;Atropelamento de pessoa;Com Vítimas Fatais;Plena noite;Decrescente;Ceu Claro;Dupla;Curva;Rural;4;3
296474;2007-10-25;Quinta;08:00:00;SP;116;225.0;GUARULHOS;Não guardar distância de segurança;Saída de Pista;Com Vítimas Feridas;Pleno dia;Decrescente;Chuva;Múltipla;Reta;Urbano;3;3
296504;2007-10-26;Sexta;06:15:00;SP;116;219.0;GUARULHOS;Falta de atenção;Colisão lateral;Com Vítimas Feridas;Pleno dia;Crescente;Nublado;Múltipla;Reta;Urbano;1;1
296507;2007-10-31;Quarta;13:10:00;SP;116;158.5;JACAREI;Falta de atenção;Colisão com bicicleta;Com Vítimas Feridas;Pleno dia;Decrescente;Sol;Dupla;Reta;Urbano;2;2
296517;2007-10-30;Terça;16:30:00;SP;116;215.0;GUARULHOS;Falta de atenção;Colisão lateral;Sem Vítimas;Pleno dia;Decrescente;Nublado;Múltipla;Reta;Urbano;2;2
296616;2007-10-31;Quarta;09:30:00;SP;116;228.5;SAO PAULO;Falta de atenção;Colisão traseira;Sem Vítimas;Pleno dia;Crescente;Sol;Múltipla;Reta;Urbano;2;2
296617;2007-10-31;Quarta;10:45:00;SP;116;177.9;GUARAREMA;Falta de atenção;Colisão traseira;Sem Vítimas;Pleno dia;Crescente;Ceu Claro;Dupla;Reta;Urbano;2;2
296625;2007-10-31;Quarta;17:12:00;SP;116;177.0;GUARAREMA;Outras;Colisão com objeto fixo;Com Vítimas Feridas;Pleno dia;Decrescente;Chuva;Dupla;Reta;Urbano;2;1
296626;2007-10-31;Quarta;17:50:00;SP;116;219.1;GUARULHOS;Outras;Colisão traseira;Sem Vítimas;Pleno dia;Decrescente;Ceu Claro;Múltipla;Reta;Urbano;2;2
296633;2007-10-31;Quarta;09:40:00;SP;116;131.8;CACAPAVA;Não guardar distância de segurança;Colisão traseira;Sem Vítimas;Pleno dia;Crescente;Ceu Claro;Dupla;Reta;Rural;2;2
296641;2007-10-29;Segunda;16:50:00;SP;116;199.5;ARUJA;Falta de atenção;Colisão traseira;Sem Vítimas;Pleno dia;Crescente;Chuva;Múltipla;Reta;Urbano;2;2
296658;2007-10-29;Segunda;13:00:00;SP;116;221.0;GUARULHOS;Falta de atenção;Colisão traseira;Com Vítimas Feridas;Pleno dia;Decrescente;Sol;Simples;Reta;Urbano;2;2
296683;2007-11-01;Quinta;00:30:00;SP;116;131.2;CACAPAVA;Não guardar distância de segurança;Colisão traseira;Com Vítimas Feridas;Plena noite;Crescente;Ceu Claro;Dupla;Reta;Urbano;2;2
296704;2007-10-29;Segunda;08:00:00;SP;116;219.7;GUARULHOS;Outras;Colisão lateral;Com Vítimas Feridas;Pleno dia;Crescente;Sol;Múltipla;Reta;Urbano;2;2
296761;2007-10-30;Terça;07:40:00;SP;116;227.0;SAO PAULO;Falta de atenção;Colisão lateral;Sem Vítimas;Amanhecer;Crescente;Ceu Claro;Múltipla;Reta;Urbano;1;1
296782;2007-10-30;Terça;17:50:00;SP;116;218.0;GUARULHOS;Falta de atenção;Colisão traseira;Sem Vítimas;Pleno dia;Decrescente;Ceu Claro;Múltipla;Reta;Urbano;2;2
296792;2007-10-31;Quarta;16:40:00;SP;116;140.8;SAO JOSE DOS CAMPOS;Outras;Colisão traseira;Sem Vítimas;Pleno dia;Crescente;Chuva;Dupla;Reta;Rural;4;4
296806;2007-10-30;Terça;07:10:00;SP;116;219.0;GUARULHOS;Falta de atenção;Colisão lateral;Sem Vítimas;Pleno dia;Crescente;Ceu Claro;Múltipla;Reta;Urbano;2;2
296993;2007-11-01;Quinta;14:50:00;SP;116;119.7;CACAPAVA;Outras;Colisão com objeto fixo;Sem Vítimas;Pleno dia;Crescente;Chuva;Dupla;Reta;Rural;1;1
297026;2007-11-01;Quinta;07:40:00;SP;116;157.6;SAO JOSE DOS CAMPOS;Outras;Colisão traseira;Sem Vítimas;Pleno dia;Decrescente;Sol;Dupla;Reta;Urbano;3;3
297042;2007-10-31;Quarta;07:45:00;SP;116;214.0;GUARULHOS;Falta de atenção;Colisão traseira;Sem Vítimas;Amanhecer;Decrescente;Ceu Claro;Múltipla;Reta;Urbano;1;1
297048;2007-11-01;Quinta;17:40:00;SP;116;155.2;SAO JOSE DOS CAMPOS;Outras;Colisão traseira;Com Vítimas Feridas;Pleno dia;Crescente;Nublado;Simples;Reta;Urbano;2;2
297106;2007-11-02;Sexta;03:25:00;SP;116;141.2;SAO JOSE DOS CAMPOS;Outras;Saída de Pista;Sem Vítimas;Plena noite;Decrescente;Chuva;Dupla;Reta;Urbano;1;1
297156;2007-10-30;Terça;21:30:00;SP;116;170.0;JACAREI;Não guardar distância de segurança;Colisão traseira;Com Vítimas Feridas;Plena noite;Decrescente;Ceu Claro;Dupla;Curva;Rural;4;2
297190;2007-11-02;Sexta;05:45:00;SP;116;156.2;SAO JOSE DOS CAMPOS;Outras;Colisão traseira;Sem Vítimas;Amanhecer;Decrescente;Nublado;Simples;Reta;Urbano;2;2
297213;2007-11-01;Quinta;12:50:00;SP;116;165.0;JACAREI;Outras;Colisão lateral;Sem Vítimas;Pleno dia;Crescente;Ceu Claro;Múltipla;Reta;Urbano;2;2
297286;2007-10-31;Quarta;01:50:00;SP;116;157.5;SAO JOSE DOS CAMPOS;Outras;Colisão traseira;Sem Vítimas;Amanhecer;Decrescente;Ceu Claro;Dupla;Reta;Urbano;3;3
297353;2007-10-30;Terça;18:30:00;SP;116;145.0;SAO JOSE DOS CAMPOS;Outras;Colisão traseira;Sem Vítimas;Anoitecer;Decrescente;Ceu Claro;Dupla;Reta;Urbano;3;3
297372;2007-10-31;Quarta;17:10:00;SP;116;177.0;GUARAREMA;Outras;Colisão lateral;Sem Vítimas;Pleno dia;Decrescente;Chuva;Dupla;Reta;Urbano;3;3
297373;2007-11-02;Sexta;05:45:00;SP;116;156.2;SAO JOSE DOS CAMPOS;Outras;Colisão lateral;Sem Vítimas;Plena noite;Decrescente;Nublado;Dupla;Reta;Urbano;2;2
297386;2007-11-01;Quinta;09:30:00;SP;116;156.0;SAO JOSE DOS CAMPOS;Outras;Colisão lateral;Sem Vítimas;Pleno dia;Crescente;Sol;Dupla;Reta;Urbano;2;2
297447;2007-11-01;Quinta;11:00:00;SP;116;224.5;GUARULHOS;Falta de atenção;Colisão traseira;Com Vítimas Feridas;Pleno dia;Crescente;Sol;Múltipla;Reta;Urbano;2;2
297560;2007-10-31;Quarta;18:05:00;SP;116;154.0;SAO JOSE DOS CAMPOS;Falta de atenção;Colisão lateral;Sem Vítimas;Pleno dia;Crescente;Chuva;Dupla;Reta;Urbano;2;2
297582;2007-10-30;Terça;09:10:00;SP;116;174.6;JACAREI;Outras;Colisão lateral;Sem Vítimas;Pleno dia;Decrescente;Ceu Claro;Dupla;Reta;Rural;3;3
297589;2007-11-02;Sexta;13:00:00;SP;116;219.0;GUARULHOS;Outras;Atropelamento de pessoa;Com Vítimas Feridas;Pleno dia;Decrescente;Sol;Múltipla;Reta;Urbano;3;1
297598;2007-10-31;Quarta;17:12:00;SP;116;158.2;JACAREI;Não guardar distância de segurança;Colisão traseira;Sem Vítimas;Pleno dia;Decrescente;Chuva;Dupla;Reta;Urbano;4;4
297612;2007-11-01;Quinta;10:30:00;SP;116;222.0;GUARULHOS;Falta de atenção;Colisão lateral;Com Vítimas Feridas;Pleno dia;Decrescente;Sol;Simples;Reta;Urbano;2;2
297632;2007-10-31;Quarta;18:15:00;SP;116;219.0;GUARULHOS;Outras;Colisão lateral;Sem Vítimas;Anoitecer;Crescente;Ceu Claro;Múltipla;Reta;Urbano;2;2
297670;2007-11-03;Sábado;07:30:00;SP;116;222.8;GUARULHOS;Defeito mecânico em veículo;Colisão traseira;Com Vítimas Feridas;Amanhecer;Crescente;Ceu Claro;Múltipla;Reta;Urbano;4;2
297689;2007-10-31;Quarta;07:30:00;SP;116;217.2;GUARULHOS;Outras;Colisão traseira;Com Vítimas Feridas;Amanhecer;Crescente;Ceu Claro;Múltipla;Reta;Urbano;5;4
297702;2007-11-03;Sábado;16:30:00;SP;116;155.1;SAO JOSE DOS CAMPOS;Não guardar distância de segurança;Colisão traseira;Sem Vítimas;Pleno dia;Crescente;Nublado;Dupla;Reta;Urbano;2;2
297722;2007-11-03;Sábado;13:15:00;SP;116;209.0;GUARULHOS;Falta de atenção;Colisão lateral;Sem Vítimas;Pleno dia;Crescente;Sol;Múltipla;Reta;Urbano;2;2
297777;2007-10-30;Terça;15:30:00;SP;116;160.0;JACAREI;Outras;Atropelamento de pessoa;Com Vítimas Feridas;Pleno dia;Decrescente;Sol;Dupla;Reta;Urbano;2;1
297792;2007-10-31;Quarta;01:30:00;SP;116;161.0;JACAREI;Outras;Colisão traseira;Sem Vítimas;Plena noite;Crescente;Nublado;Dupla;Reta;Urbano;2;2
297831;2007-11-03;Sábado;15:15:00;SP;116;189.0;SANTA ISABEL;Falta de atenção;Colisão lateral;Sem Vítimas;Pleno dia;Decrescente;Sol;Dupla;Reta;Rural;2;2
297839;2007-11-03;Sábado;18:30:00;SP;116;178.0;GUARAREMA;Defeito mecânico em veículo;Colisão lateral;Sem Vítimas;Anoitecer;Crescente;Chuva;Dupla;Curva;Rural;2;2
297990;2007-11-04;Domingo;08:20:00;SP;116;109.8;TAUBATE;Outras;Colisão com objeto fixo;Sem Vítimas;Pleno dia;Decrescente;Chuva;Dupla;Reta;Urbano;1;1
298011;2007-11-04;Domingo;09:46:00;SP;116;139.6;SAO JOSE DOS CAMPOS;Outras;Colisão com objeto fixo;Sem Vítimas;Pleno dia;Crescente;Chuva;Dupla;Reta;Rural;1;1
298017;2007-11-01;Quinta;19:30:00;SP;116;224.0;GUARULHOS;Não guardar distância de segurança;Colisão traseira;Sem Vítimas;Pleno dia;Decrescente;Chuva;Múltipla;Reta;Urbano;3;3
298040;2007-11-04;Domingo;12:50:00;SP;116;146.5;SAO JOSE DOS CAMPOS;Ultrapassagem indevida;Colisão lateral;Com Vítimas Feridas;Pleno dia;Decrescente;Chuva;Dupla;Reta;Urbano;2;2
298051;2007-10-30;Terça;16:30:00;SP;116;219.0;GUARULHOS;Outras;Colisão traseira;Sem Vítimas;Pleno dia;Decrescente;Ceu Claro;Múltipla;Reta;Urbano;4;4
298053;2007-11-04;Domingo;16:20:00;SP;116;145.0;SAO JOSE DOS CAMPOS;Não guardar distância de segurança;Colisão traseira;Sem Vítimas;Pleno dia;Crescente;Nublado;Dupla;Reta;Urbano;2;2
298151;2007-11-04;Domingo;15:20:00;SP;116;109.3;TAUBATE;Outras;Atropelamento de pessoa;Com Vítimas Feridas;Pleno dia;Crescente;Chuva;Dupla;Reta;Urbano;2;1
298169;2007-11-04;Domingo;14:00:00;SP;116;107.5;TAUBATE;Outras;Capotamento;Sem Vítimas;Pleno dia;Decrescente;Chuva;Dupla;Reta;Urbano;1;1
298187;2007-10-29;Segunda;18:00:00;SP;116;224.0;GUARULHOS;Defeito mecânico em veículo;Queda de motocicleta / bicicleta / veículo;Sem Vítimas;Pleno dia;Decrescente;Nublado;Múltipla;Reta;Urbano;1;1
298244;2007-11-01;Quinta;10:20:00;SP;116;222.0;GUARULHOS;Falta de atenção;Colisão lateral;Sem Vítimas;Pleno dia;Decrescente;Sol;Múltipla;Reta;Rural;2;2
298252;2007-11-01;Quinta;11:00:00;SP;116;221.0;GUARULHOS;Falta de atenção;Colisão traseira;Com Vítimas Feridas;Pleno dia;Crescente;Sol;Múltipla;Reta;Rural;3;2
298262;2007-11-02;Sexta;13:40:00;SP;116;211.0;GUARULHOS;Falta de atenção;Colisão lateral;Sem Vítimas;Pleno dia;Decrescente;Sol;Múltipla;Reta;Urbano;2;2
298264;2007-11-04;Domingo;23:15:00;SP;116;205.0;ARUJA;Outras;Colisão com objeto fixo;Sem Vítimas;Plena noite;Decrescente;Nublado;Dupla;Reta;Urbano;1;1
298315;2007-10-31;Quarta;15:20:00;SP;116;224.0;GUARULHOS;Falta de atenção;Colisão lateral;Com Vítimas Feridas;Pleno dia;Decrescente;Nublado;Múltipla;Reta;Urbano;2;2
298325;2007-10-27;Sábado;20:00:00;SP;116;146.6;SAO JOSE DOS CAMPOS;Outras;Atropelamento de pessoa;Com Vítimas Feridas;Plena noite;Decrescente;Ceu Claro;Dupla;Reta;Urbano;2;1
298378;2007-10-27;Sábado;22:00:00;SP;116;150.0;SAO JOSE DOS CAMPOS;Outras;Colisão traseira;Sem Vítimas;Plena noite;Crescente;Ceu Claro;Múltipla;Reta;Urbano;2;2
298818;2007-11-04;Domingo;17:40:00;SP;116;226.5;GUARULHOS;Falta de atenção;Colisão traseira;Sem Vítimas;Pleno dia;Crescente;Ceu Claro;Múltipla;Reta;Urbano;2;2
298838;2007-11-05;Segunda;07:00:00;SP;116;227.0;SAO PAULO;Falta de atenção;Colisão traseira;Sem Vítimas;Pleno dia;Crescente;Nublado;Dupla;Reta;Urbano;4;4
298884;2007-11-04;Domingo;05:40:00;SP;116;182.0;GUARAREMA;Falta de atenção;Colisão com objeto fixo;Sem Vítimas;Amanhecer;Decrescente;Chuva;Dupla;Reta;Rural;1;1
298962;2007-11-06;Terça;14:40:00;SP;116;174.5;GUARAREMA;Outras;Colisão traseira;Sem Vítimas;Pleno dia;Decrescente;Ceu Claro;Dupla;Reta;Rural;2;2
299050;2007-11-05;Segunda;17:00:00;SP;116;218.1;GUARULHOS;Defeito mecânico em veículo;Queda de motocicleta / bicicleta / veículo;Com Vítimas Feridas;Pleno dia;Decrescente;Nublado;Múltipla;Reta;Urbano;2;1
299074;2007-11-05;Segunda;14:00:00;SP;116;217.7;GUARULHOS;Outras;Colisão lateral;Com Vítimas Feridas;Pleno dia;Decrescente;Sol;Dupla;Reta;Urbano;4;3
299108;2007-11-06;Terça;21:30:00;SP;116;173.0;GUARAREMA;Outras;Colisão lateral;Sem Vítimas;Plena noite;Decrescente;Chuva;Dupla;Reta;Rural;2;2
299157;2007-11-03;Sábado;14:00:00;SP;116;222.0;GUARULHOS;Falta de atenção;Colisão traseira;Sem Vítimas;Pleno dia;Crescente;Nublado;Múltipla;Reta;Urbano;2;2
299167;2007-11-03;Sábado;18:00:00;SP;116;212.0;GUARULHOS;Outras;Colisão traseira;Sem Vítimas;Pleno dia;Crescente;Chuva;Múltipla;Reta;Urbano;3;3
299190;2007-11-05;Segunda;16:00:00;SP;116;225.0;GUARULHOS;Outras;Colisão traseira;Sem Vítimas;Pleno dia;Decrescente;Ceu Claro;Múltipla;Reta;Urbano;3;3
299191;2007-11-05;Segunda;10:50:00;SP;116;180.7;GUARAREMA;Defeito mecânico em veículo;Colisão traseira;Sem Vítimas;Pleno dia;Crescente;Nublado;Múltipla;Reta;Rural;2;2
299248;2007-11-04;Domingo;21:34:00;SP;116;187.0;SANTA ISABEL;Outras;Colisão lateral;Sem Vítimas;Plena noite;Crescente;Nublado;Simples;Reta;Rural;2;2
299267;2007-11-07;Quarta;08:45:00;SP;116;148.0;SAO JOSE DOS CAMPOS;Não guardar distância de segurança;Colisão traseira;Sem Vítimas;Pleno dia;Crescente;Sol;Dupla;Reta;Urbano;5;5
299316;2007-07-12;Quinta;02:00:00;SP;116;162.0;JACAREI;Outras;Colisão traseira;Com Vítimas Feridas;Plena noite;Crescente;Ceu Claro;Simples;Curva;Urbano;2;2
299358;2007-10-31;Quarta;18:30:00;SP;116;156.0;SAO JOSE DOS CAMPOS;Outras;Colisão traseira;Sem Vítimas;Anoitecer;Decrescente;Chuva;Dupla;Reta;Urbano;2;2
299407;2007-11-05;Segunda;15:00:00;SP;116;225.0;GUARULHOS;Não guardar distância de segurança;Colisão traseira;Sem Vítimas;Pleno dia;Decrescente;Nublado;Múltipla;Reta;Urbano;2;2
299420;2007-11-03;Sábado;23:30:00;SP;116;133.5;CACAPAVA;Outras;Colisão traseira;Sem Vítimas;Plena noite;Crescente;Ceu Claro;Dupla;Reta;Rural;2;2
299442;2007-10-31;Quarta;07:45:00;SP;116;148.0;SAO JOSE DOS CAMPOS;Outras;Colisão traseira;Sem Vítimas;Pleno dia;Decrescente;Ceu Claro;Múltipla;Reta;Urbano;2;2
299455;2007-11-07;Quarta;09:00:00;SP;116;109.0;TAUBATE;Outras;Colisão com objeto fixo;Sem Vítimas;Pleno dia;Decrescente;Sol;Dupla;Reta;Urbano;2;2
299459;2007-11-04;Domingo;19:30:00;SP;116;228.0;SAO PAULO;Falta de atenção;Colisão lateral;Sem Vítimas;Anoitecer;Decrescente;Nublado;Múltipla;Reta;Urbano;1;1
299469;2007-11-04;Domingo;05:40:00;SP;116;133.5;CACAPAVA;Dormindo;Saída de Pista;Sem Vítimas;Amanhecer;Crescente;Ceu Claro;Dupla;Reta;Urbano;1;1
299487;2007-11-07;Quarta;18:05:00;SP;116;101.5;PINDAMONHANGABA;Outras;Colisão lateral;Sem Vítimas;Anoitecer;Crescente;Chuva;Dupla;Reta;Rural;2;2
299526;2007-11-07;Quarta;11:30:00;SP;116;117.8;TAUBATE;Desobediência à sinalização;Colisão lateral;Sem Vítimas;Plena noite;Crescente;Sol;Dupla;Reta;Urbano;2;2
299609;2007-11-06;Terça;20:40:00;SP;116;176.5;GUARAREMA;Outras;Colisão lateral;Sem Vítimas;Plena noite;Decrescente;Nublado;Dupla;Reta;Rural;2;2
299635;2007-11-07;Quarta;18:05:00;SP;116;194.0;SANTA ISABEL;Não guardar distância de segurança;Colisão traseira;Sem Vítimas;Pleno dia;Decrescente;Nublado;Dupla;Reta;Rural;3;3
299684;2007-11-05;Segunda;23:00:00;SP;116;221.0;GUARULHOS;Outras;Colisão traseira;Sem Vítimas;Plena noite;Decrescente;Nublado;Múltipla;Reta;Rural;2;2
299774;2007-11-08;Quinta;08:30:00;SP;116;153.0;SAO JOSE DOS CAMPOS;Outras;Colisão lateral;Sem Vítimas;Pleno dia;Crescente;Ceu Claro;Dupla;Reta;Urbano;2;2
299786;2007-11-08;Quinta;09:50:00;SP;116;146.0;SAO JOSE DOS CAMPOS;Outras;Colisão traseira;Sem Vítimas;Pleno dia;Crescente;Ceu Claro;Dupla;Reta;Urbano;2;2
299819;2007-11-08;Quinta;14:15:00;SP;116;109.4;TAUBATE;Defeito mecânico em veículo;Colisão lateral;Com Vítimas Feridas;Pleno dia;Decrescente;Ceu Claro;Dupla;Reta;Urbano;2;2
299866;2007-11-06;Terça;20:40:00;SP;116;145.5;SAO JOSE DOS CAMPOS;Falta de atenção;Colisão traseira;Com Vítimas Feridas;Plena noite;Crescente;Nublado;Dupla;Reta;Rural;2;2
299931;2007-11-09;Sexta;01:40:00;SP;116;219.0;GUARULHOS;Outras;Colisão lateral;Sem Vítimas;Plena noite;Decrescente;Ceu Claro;Múltipla;Reta;Urbano;3;3
299934;2007-11-09;Sexta;00:35:00;SP;116;159.0;JACAREI;Animais na Pista;Atropelamento de animal;Sem Vítimas;Plena noite;Decrescente;Ceu Claro;Dupla;Reta;Rural;1;1
300013;2007-11-09;Sexta;06:00:00;SP;116;148.8;SAO JOSE DOS CAMPOS;Outras;Colisão lateral;Sem Vítimas;Amanhecer;Decrescente;Ceu Claro;Dupla;Reta;Urbano;2;2
300111;2007-11-09;Sexta;06:15:00;SP;116;221.7;GUARULHOS;Outras;Colisão lateral;Sem Vítimas;Pleno dia;Crescente;Nublado;Múltipla;Reta;Urbano;2;2
300117;2007-11-08;Quinta;18:15:00;SP;116;218.2;GUARULHOS;Outras;Queda de motocicleta / bicicleta / veículo;Com Vítimas Feridas;Pleno dia;Crescente;Chuva;Múltipla;Reta;Urbano;2;2
300182;2007-11-06;Terça;07:15:00;SP;116;149.2;SAO JOSE DOS CAMPOS;Desobediência à sinalização;Colisão lateral;Com Vítimas Feridas;Amanhecer;Decrescente;Nublado;Dupla;Reta;Rural;2;2
300235;2007-11-09;Sexta;21:10:00;SP;116;219.0;GUARULHOS;Falta de atenção;Colisão lateral;Sem Vítimas;Plena noite;Crescente;Nublado;Múltipla;Reta;Urbano;3;3
300351;2007-11-09;Sexta;01:00:00;SP;116;210.0;GUARULHOS;Outras;Colisão lateral;Sem Vítimas;Plena noite;Crescente;Ceu Claro;Dupla;Reta;Urbano;2;2
300354;2007-11-10;Sábado;01:20:00;SP;116;114.0;TAUBATE;Outras;Colisão com objeto móvel;Com Vítimas Feridas;Plena noite;Decrescente;Ceu Claro;Dupla;Reta;Urbano;2;2
300360;2007-11-08;Quinta;18:15:00;SP;116;193.5;SANTA ISABEL;Outras;Saída de Pista;Com Vítimas Feridas;Anoitecer;Decrescente;Chuva;Simples;Reta;Rural;2;1
300404;2007-11-07;Quarta;15:15:00;SP;116;119.4;CACAPAVA;Falta de atenção;Colisão lateral;Com Vítimas Feridas;Pleno dia;Crescente;Chuva;Dupla;Reta;Urbano;4;4
300439;2007-11-08;Quinta;18:00:00;SP;116;223.0;GUARULHOS;Falta de atenção;Colisão lateral;Sem Vítimas;Pleno dia;Decrescente;Nublado;Múltipla;Reta;Urbano;3;3
300528;2007-11-09;Sexta;09:30:00;SP;116;216.5;GUARULHOS;Outras;Colisão traseira;Sem Vítimas;Pleno dia;Crescente;Sol;Múltipla;Reta;Urbano;2;2
300546;2007-11-08;Quinta;14:15:00;SP;116;222.0;GUARULHOS;Outras;Colisão lateral;Sem Vítimas;Pleno dia;Crescente;Nublado;Múltipla;Reta;Urbano;2;2
300554;2007-11-07;Quarta;17:15:00;SP;116;218.0;GUARULHOS;Falta de atenção;Colisão traseira;Com Vítimas Feridas;Pleno dia;Crescente;Nublado;Múltipla;Reta;Urbano;2;2
300578;2007-08-18;Sábado;08:10:00;SP;116;116.0;TAUBATE;Outras;Colisão traseira;Sem Vítimas;Pleno dia;Crescente;Ceu Claro;Dupla;Reta;Urbano;2;2
300585;2007-11-10;Sábado;20:30:00;SP;116;144.0;SAO JOSE DOS CAMPOS;Falta de atenção;Colisão traseira;Sem Vítimas;Plena noite;Crescente;Nublado;Dupla;Reta;Urbano;3;3
300638;2007-11-07;Quarta;02:12:00;SP;116;139.7;SAO JOSE DOS CAMPOS;Outras;Colisão traseira;Sem Vítimas;Plena noite;Crescente;Nublado;Dupla;Reta;Urbano;2;2
300673;2007-11-10;Sábado;09:00:00;SP;116;113.5;TAUBATE;Não guardar distância de segurança;Colisão traseira;Sem Vítimas;Pleno dia;Decrescente;Ceu Claro;Dupla;Reta;Urbano;2;2
300711;2007-11-10;Sábado;05:30:00;SP;116;143.6;SAO JOSE DOS CAMPOS;Outras;Atropelamento de pessoa;Com Vítimas Feridas;Amanhecer;Crescente;Ceu Claro;Dupla;Reta;Urbano;2;1
300714;2007-11-11;Domingo;01:15:00;SP;116;153.0;SAO JOSE DOS CAMPOS;Falta de atenção;Colisão traseira;Com Vítimas Feridas;Plena noite;Crescente;Nublado;Dupla;Reta;Urbano;4;2
300735;2007-11-10;Sábado;16:50:00;SP;116;186.9;SANTA ISABEL;Outras;Colisão com objeto fixo;Sem Vítimas;Pleno dia;Decrescente;Chuva;Dupla;Curva;Rural;1;1
300758;2007-11-08;Quinta;09:58:00;SP;116;119.8;CACAPAVA;Outras;Colisão traseira;Sem Vítimas;Pleno dia;Crescente;Ceu Claro;Dupla;Reta;Rural;3;3
300759;2007-11-08;Quinta;06:55:00;SP;116;144.0;SAO JOSE DOS CAMPOS;Não guardar distância de segurança;Colisão traseira;Com Vítimas Feridas;Pleno dia;Crescente;Nublado;Dupla;Reta;Urbano;2;2
300765;2007-11-08;Quinta;21:10:00;SP;116;117.9;TAUBATE;Defeito mecânico em veículo;Colisão com objeto fixo;Sem Vítimas;Plena noite;Decrescente;Ceu Claro;Dupla;Reta;Rural;1;1
300774;2007-11-08;Quinta;21:40:00;SP;116;121.7;CACAPAVA;Outras;Saída de Pista;Sem Vítimas;Plena noite;Decrescente;Ceu Claro;Dupla;Reta;Rural;1;1
300775;2007-11-08;Quinta;17:00:00;SP;116;183.0;SANTA ISABEL;Outras;Saída de Pista;Sem Vítimas;Pleno dia;Crescente;Chuva;Dupla;Reta;Rural;1;1
300782;2007-11-08;Quinta;22:05:00;SP;116;116.8;TAUBATE;Outras;Colisão com bicicleta;Com Vítimas Feridas;Plena noite;Decrescente;Ceu Claro;Simples;Curva;Rural;2;2