id;data_inversa;dia_semana;horario;uf;br;km;municipio;causa_acidente;tipo_acidente;classificacao_acidente;fase_dia;sentido_via;condicao_metereologica;tipo_pista;tracado_via;uso_solo;pessoas;veiculos
300785;2007-11-09;Sexta;05:20:00;SP;116;178.0;GUARAREMA;Outras;Colisão traseira;Com Vítimas Feridas;Plena noite;Crescente;Ceu Claro;Dupla;Reta;Urbano;2;2
300811;2007-11-10;Sábado;19:30:00;SP;116;229.0;SAO PAULO;Falta de atenção;Colisão traseira;Com Vítimas Feridas;Anoitecer;Crescente;Nublado;Múltipla;Reta;Urbano;2;2
300827;2007-11-10;Sábado;18:00:00;SP;116;220.0;GUARULHOS;Outras;Colisão lateral;Com Vítimas Feridas;Pleno dia;Crescente;Ceu Claro;Múltipla;Reta;Urbano;1;1
300847;2007-11-09;Sexta;11:57:00;SP;116;219.5;GUARULHOS;Não guardar distância de segurança;Colisão lateral;Sem Vítimas;Pleno dia;Crescente;Sol;Múltipla;Reta;Urbano;2;2
300873;2007-11-10;Sábado;13:00:00;SP;116;145.8;SAO JOSE DOS CAMPOS;Falta de atenção;Colisão traseira;Com Vítimas Feridas;Pleno dia;Decrescente;Nublado;Múltipla;Reta;Rural;2;2
300878;2007-11-11;Domingo;15:30:00;SP;116;219.0;GUARULHOS;Outras;Tombamento;Com Vítimas Feridas;Pleno dia;Decrescente;Ceu Claro;Múltipla;Reta;Urbano;1;1
300945;2007-11-09;Sexta;08:00:00;SP;116;219.0;GUARULHOS;Falta de atenção;Colisão traseira;Com Vítimas Feridas;Pleno dia;Crescente;Ceu Claro;Múltipla;Reta;Rural;2;2
301007;2007-11-10;Sábado;16:50:00;SP;116;219.0;GUARULHOS;Não guardar distância de segurança;Colisão traseira;Sem Vítimas;Pleno dia;Crescente;Nublado;Múltipla;Reta;Rural;3;2
301140;2007-11-12;Segunda;00:10:00;SP;116;119.0;TAUBATE;Outras;Colisão lateral;Sem Vítimas;Amanhecer;Crescente;Nublado;Dupla;Reta;Rural;2;2
301167;2007-11-09;Sexta;19:40:00;SP;116;167.0;JACAREI;Outras;Colisão traseira;Sem Vítimas;Plena noite;Decrescente;Nublado;Dupla;Reta;Urbano;2;2
301186;2007-11-07;Quarta;09:25:00;SP;116;116.6;TAUBATE;Outras;Saída de Pista;Sem Vítimas;Pleno dia;Decrescente;Sol;Dupla;Reta;Rural;1;1
301193;2007-11-12;Segunda;07:50:00;SP;116;109.4;TAUBATE;Outras;Colisão com objeto fixo;Sem Vítimas;Pleno dia;Decrescente;Chuva;Dupla;Reta;Urbano;1;1
301206;2007-11-12;Segunda;08:40:00;SP;116;109.4;TAUBATE;Não guardar distância de segurança;Colisão traseira;Sem Vítimas;Pleno dia;Decrescente;Chuva;Dupla;Reta;Urbano;3;3
301219;2007-11-12;Segunda;07:30:00;SP;116;199.7;ARUJA;Falta de atenção;Colisão lateral;Sem Vítimas;Pleno dia;Crescente;Chuva;Múltipla;Reta;Urbano;2;2
301304;2007-11-08;Quinta;22:00:00;SP;116;118.2;TAUBATE;Outras;Colisão traseira;Sem Vítimas;Plena noite;Decrescente;Nublado;Dupla;Reta;Rural;4;4
301377;2007-11-10;Sábado;22:45:00;SP;116;154.0;SAO JOSE DOS CAMPOS;Outras;Colisão traseira;Sem Vítimas;Plena noite;Crescente;Nublado;Múltipla;Reta;Rural;4;4
301460;2007-11-09;Sexta;13:35:00;SP;116;209.0;GUARULHOS;Desobediência à sinalização;Colisão lateral;Sem Vítimas;Pleno dia;Decrescente;Sol;Simples;Reta;Urbano;2;2
301464;2007-11-12;Segunda;16:20:00;SP;116;168.9;JACAREI;Defeito mecânico em veículo;Colisão com objeto fixo;Sem Vítimas;Pleno dia;Decrescente;Ceu Claro;Dupla;Reta;Urbano;1;1
301484;2007-11-05;Segunda;08:30:00;SP;116;157.0;SAO JOSE DOS CAMPOS;Outras;Colisão lateral;Sem Vítimas;Pleno dia;Decrescente;Ceu Claro;Dupla;Reta;Urbano;2;2
301524;2007-11-11;Domingo;06:50:00;SP;116;218.1;GUARULHOS;Outras;Colisão traseira;Sem Vítimas;Pleno dia;Decrescente;Chuva;Múltipla;Reta;Urbano;2;2
301545;2007-11-10;Sábado;20:00:00;SP;116;210.0;GUARULHOS;Não guardar distância de segurança;Colisão traseira;Sem Vítimas;Plena noite;Decrescente;Nublado;Múltipla;Reta;Urbano;3;3
301552;2007-11-07;Quarta;10:30:00;SP;116;142.8;SAO JOSE DOS CAMPOS;Outras;Queda de motocicleta / bicicleta / veículo;Com Vítimas Feridas;Pleno dia;Crescente;Nublado;Dupla;Reta;Urbano;1;1
301561;2007-11-13;Terça;10:30:00;SP;116;119.0;CACAPAVA;Não guardar distância de segurança;Colisão traseira;Sem Vítimas;Pleno dia;Crescente;Ceu Claro;Dupla;Reta;Rural;2;2
301603;2007-11-11;Domingo;20:27:00;SP;116;203.5;ARUJA;Não guardar distância de segurança;Colisão traseira;Sem Vítimas;Plena noite;Crescente;Nublado;Dupla;Reta;Urbano;3;3
301632;2007-11-13;Terça;06:50:00;SP;116;165.5;JACAREI;Outras;Colisão lateral;Sem Vítimas;Pleno dia;Crescente;Nublado;Simples;Reta;Rural;2;2
301643;2007-11-07;Quarta;18:05:00;SP;116;115.9;TAUBATE;Velocidade incompatível;Colisão com objeto fixo;Sem Vítimas;Anoitecer;Crescente;Chuva;Dupla;Reta;Rural;1;1
301673;2007-11-12;Segunda;13:05:00;SP;116;132.0;CACAPAVA;Outras;Saída de Pista;Sem Vítimas;Pleno dia;Crescente;Ceu Claro;Dupla;Reta;Rural;1;1
301679;2007-11-05;Segunda;16:20:00;SP;116;156.0;SAO JOSE DOS CAMPOS;Ultrapassagem indevida;Colisão com objeto fixo;Sem Vítimas;Pleno dia;Crescente;Ceu Claro;Dupla;Reta;Urbano;1;1
301687;2007-11-12;Segunda;17:15:00;SP;116;137.9;SAO JOSE DOS CAMPOS;Outras;Saída de Pista;Sem Vítimas;Pleno dia;Crescente;Chuva;Dupla;Reta;Rural;1;1
301749;2007-11-13;Terça;10:30:00;SP;116;165.0;JACAREI;Defeito mecânico em veículo;Colisão traseira;Sem Vítimas;Pleno dia;Decrescente;Ceu Claro;Múltipla;Reta;Rural;2;2
301750;2007-11-12;Segunda;11:20:00;SP;116;220.0;GUARULHOS;Falta de atenção;Colisão lateral;Sem Vítimas;Pleno dia;Crescente;Chuva;Dupla;Reta;Urbano;2;2
301870;2007-11-10;Sábado;03:50:00;SP;116;123.8;CACAPAVA;Outras;Tombamento;Sem Vítimas;Plena noite;Crescente;Ceu Claro;Dupla;Reta;Rural;1;1
301938;2007-11-10;Sábado;21:05:00;SP;116;205.9;GUARULHOS;Falta de atenção;Colisão com bicicleta;Com Vítimas Fatais;Plena noite;Decrescente;Ceu Claro;Dupla;Reta;Urbano;2;2
301980;2007-11-12;Segunda;16:45:00;SP;116;224.5;GUARULHOS;Falta de atenção;Colisão lateral;Com Vítimas Feridas;Pleno dia;Decrescente;Nublado;Múltipla;Reta;Rural;2;2
302132;2007-11-10;Sábado;17:40:00;SP;116;113.4;TAUBATE;Outras;Colisão com objeto fixo;Com Vítimas Feridas;Pleno dia;Decrescente;Chuva;Dupla;Reta;Urbano;1;1
302172;2007-11-11;Domingo;20:40:00;SP;116;225.0;GUARULHOS;Outras;Danos Eventuais;Sem Vítimas;Plena noite;Crescente;Nublado;Múltipla;Reta;Urbano;2;2
302238;2007-11-14;Quarta;19:30:00;SP;116;166.3;JACAREI;Outras;Colisão traseira;Sem Vítimas;Plena noite;Decrescente;Ceu Claro;Dupla;Reta;Rural;2;2
302265;2007-11-15;Quinta;02:00:00;SP;116;225.5;GUARULHOS;Falta de atenção;Colisão lateral;Sem Vítimas;Plena noite;Decrescente;Chuva;Simples;Reta;Urbano;2;2
302313;2007-11-14;Quarta;20:00:00;SP;116;165.0;JACAREI;Outras;Colisão traseira;Com Vítimas Feridas;Plena noite;Decrescente;Ignorada;Dupla;Reta;Urbano;4;3
302353;2007-11-15;Quinta;07:40:00;SP;116;162.0;JACAREI;Não guardar distância de segurança;Colisão traseira;Sem Vítimas;Pleno dia;Decrescente;Chuva;Dupla;Reta;Rural;3;3
302378;2007-11-11;Domingo;23:15:00;SP;116;155.0;SAO JOSE DOS CAMPOS;Falta de atenção;Colisão lateral;Sem Vítimas;Plena noite;Crescente;Nublado;Dupla;Reta;Urbano;2;2
302413;2007-11-14;Quarta;08:00:00;SP;116;228.0;GUARULHOS;Falta de atenção;Colisão traseira;Sem Vítimas;Amanhecer;Crescente;Nublado;Múltipla;Reta;Urbano;1;1
302425;2007-11-14;Quarta;07:00:00;SP;116;192.0;SANTA ISABEL;Outras;Tombamento;Sem Vítimas;Pleno dia;Decrescente;Ceu Claro;Dupla;Curva;Rural;2;2
302448;2007-11-14;Quarta;03:40:00;SP;116;218.0;GUARULHOS;Outras;Capotamento;Sem Vítimas;Plena noite;Crescente;Ceu Claro;Múltipla;Reta;Urbano;3;3
302464;2007-11-14;Quarta;17:20:00;SP;116;228.0;SAO PAULO;Falta de atenção;Colisão lateral;Sem Vítimas;Pleno dia;Decrescente;Nublado;Múltipla;Reta;Urbano;2;2
302487;2007-11-14;Quarta;17:13:00;SP;116;145.0;SAO JOSE DOS CAMPOS;Falta de atenção;Colisão traseira;Sem Vítimas;Anoitecer;Crescente;Nublado;Dupla;Reta;Rural;2;2
302490;2007-11-15;Quinta;11:55:00;SP;116;150.5;SAO JOSE DOS CAMPOS;Outras;Colisão com objeto fixo;Com Vítimas Feridas;Pleno dia;Crescente;Nublado;Dupla;Reta;Urbano;2;2
302621;2007-11-14;Quarta;04:00:00;SP;116;218.0;GUARULHOS;Velocidade incompatível;Colisão lateral;Sem Vítimas;Plena noite;Crescente;Nublado;Múltipla;Reta;Urbano;2;2
302631;2007-11-12;Segunda;17:00:00;SP;116;204.0;ARUJA;Falta de atenção;Colisão traseira;Sem Vítimas;Pleno dia;Decrescente;Nublado;Múltipla;Reta;Urbano;2;2
302655;2007-11-14;Quarta;21:20:00;SP;116;227.8;SAO PAULO;Falta de atenção;Colisão lateral;Sem Vítimas;Plena noite;Crescente;Chuva;Múltipla;Reta;Urbano;2;2
302666;2007-11-15;Quinta;22:50:00;SP;116;173.8;JACAREI;Dormindo;Colisão com objeto fixo;Sem Vítimas;Plena noite;Decrescente;Chuva;Dupla;Reta;Rural;2;2
302671;2007-11-14;Quarta;23:13:00;SP;116;226.6;SAO JOSE DOS CAMPOS;Outras;Colisão com objeto fixo;Sem Vítimas;Plena noite;Decrescente;Chuva;Dupla;Reta;Urbano;1;1
302792;2007-11-15;Quinta;02:00:00;SP;116;225.0;GUARULHOS;Outras;Colisão Transversal;Sem Vítimas;Anoitecer;Crescente;Chuva;Múltipla;Reta;Urbano;2;2
302814;2007-11-14;Quarta;22:00:00;SP;116;226.0;GUARULHOS;Defeito mecânico em veículo;Colisão traseira;Sem Vítimas;Plena noite;Crescente;Chuva;Múltipla;Reta;Urbano;2;2
302835;2007-11-16;Sexta;13:50:00;SP;116;103.8;TAUBATE;Outras;Tombamento;Com Vítimas Feridas;Pleno dia;Decrescente;Nublado;Dupla;Reta;Rural;2;1
302851;2007-11-12;Segunda;23:00:00;SP;116;226.7;GUARULHOS;Outras;Colisão com objeto fixo;Sem Vítimas;Plena noite;Decrescente;Nublado;Múltipla;Reta;Rural;1;1
302860;2007-11-12;Segunda;10:30:00;SP;116;222.0;GUARULHOS;Falta de atenção;Colisão lateral;Sem Vítimas;Pleno dia;Decrescente;Chuva;Múltipla;Reta;Urbano;2;2
302878;2007-11-13;Terça;07:55:00;SP;116;121.4;CACAPAVA;Outras;Saída de Pista;Com Vítimas Feridas;Pleno dia;Crescente;Nublado;Dupla;Reta;Rural;1;1
302967;2007-11-16;Sexta;17:35:00;SP;116;101.1;PINDAMONHANGABA;Outras;Tombamento;Com Vítimas Feridas;Pleno dia;Decrescente;Chuva;Dupla;Reta;Rural;2;1
303001;2007-11-16;Sexta;22:00:00;SP;116;227.3;GUARULHOS;Falta de atenção;Colisão com objeto fixo;Sem Vítimas;Plena noite;Crescente;Nublado;Múltipla;Reta;Urbano;1;1
303051;2007-11-16;Sexta;22:25:00;SP;116;156.7;SAO JOSE DOS CAMPOS;Outras;Colisão traseira;Sem Vítimas;Plena noite;Decrescente;Ceu Claro;Dupla;Reta;Urbano;3;3
303150;2007-11-15;Quinta;01:00:00;SP;116;139.5;SAO JOSE DOS CAMPOS;Outras;Atropelamento de pessoa;Com Vítimas Fatais;Plena noite;Crescente;Nublado;Dupla;Reta;Urbano;2;1
303313;2007-11-17;Sábado;18:30:00;SP;116;175.5;GUARAREMA;Outras;Colisão traseira;Sem Vítimas;Anoitecer;Crescente;Nublado;Dupla;Reta;Urbano;2;2
303370;2007-11-13;Terça;08:40:00;SP;116;219.0;GUARULHOS;Outras;Colisão traseira;Sem Vítimas;Pleno dia;Crescente;Ceu Claro;Simples;Curva;Urbano;2;2
303391;2007-11-18;Domingo;02:00:00;SP;116;219.1;GUARULHOS;Falta de atenção;Capotamento;Sem Vítimas;Plena noite;Crescente;Nublado;Múltipla;Reta;Urbano;1;1
303404;2007-11-13;Terça;22:10:00;SP;116;100.8;PINDAMONHANGABA;Falta de atenção;Colisão lateral;Sem Vítimas;Plena noite;Decrescente;Nublado;Múltipla;Reta;Rural;3;3
303406;2007-11-14;Quarta;18:10:00;SP;116;203.0;ARUJA;Outras;Colisão traseira;Sem Vítimas;Pleno dia;Crescente;Ceu Claro;Dupla;Reta;Urbano;2;2
303459;2007-11-11;Domingo;06:45:00;SP;116;100.3;PINDAMONHANGABA;Outras;Colisão com objeto fixo;Sem Vítimas;Amanhecer;Decrescente;Ceu Claro;Dupla;Reta;Rural;1;1
303479;2007-11-14;Quarta;15:45:00;SP;116;219.6;GUARULHOS;Outras;Colisão traseira;Sem Vítimas;Pleno dia;Decrescente;Sol;Múltipla;Reta;Urbano;2;2
303498;2007-11-17;Sábado;21:05:00;SP;116;229.5;SAO PAULO;Outras;Colisão traseira;Sem Vítimas;Plena noite;Crescente;Nublado;Múltipla;Reta;Urbano;2;2
303594;2007-11-12;Segunda;17:30:00;SP;116;221.5;GUARULHOS;Falta de atenção;Colisão traseira;Com Vítimas Feridas;Pleno dia;Decrescente;Ceu Claro;Múltipla;Reta;Urbano;2;2
303605;2007-11-14;Quarta;23:20:00;SP;116;223.5;GUARULHOS;Falta de atenção;Colisão lateral;Sem Vítimas;Plena noite;Crescente;Chuva;Múltipla;Reta;Urbano;2;2
303608;2007-11-15;Quinta;20:00:00;SP;116;223.0;GUARULHOS;Falta de atenção;Colisão lateral;Sem Vítimas;Plena noite;Decrescente;Chuva;Múltipla;Reta;Urbano;2;2
303678;2007-11-10;Sábado;15:14:00;SP;116;120.0;CACAPAVA;Outras;Colisão traseira;Sem Vítimas;Pleno dia;Crescente;Nublado;Dupla;Reta;Rural;1;1
303691;2007-11-16;Sexta;18:00:00;SP;116;219.1;GUARULHOS;Falta de atenção;Colisão traseira;Sem Vítimas;Pleno dia;Decrescente;Nublado;Múltipla;Reta;Urbano;2;2
303741;2007-11-15;Quinta;00:45:00;SP;116;200.3;ARUJA;Outras;Atropelamento de pessoa;Com Vítimas Feridas;Plena noite;Crescente;Nublado;Dupla;Reta;Urbano;3;2
303768;2007-11-14;Quarta;23:00:00;SP;116;201.0;ARUJA;Outras;Colisão com objeto fixo;Sem Vítimas;Plena noite;Decrescente;Chuva;Múltipla;Reta;Urbano;1;1
303787;2007-11-10;Sábado;22:10:00;SP;116;213.9;GUARULHOS;Outras;Colisão traseira;Com Vítimas Feridas;Plena noite;Decrescente;Chuva;Múltipla;Reta;Urbano;9;6
303856;2007-11-16;Sexta;09:00:00;SP;116;217.0;GUARULHOS;Falta de atenção;Colisão lateral;Sem Vítimas;Plena noite;Crescente;Nublado;Múltipla;Reta;Urbano;2;2
303970;2007-11-18;Domingo;16:15:00;SP;116;111.8;TAUBATE;Outras;Colisão traseira;Sem Vítimas;Pleno dia;Crescente;Sol;Dupla;Reta;Urbano;2;2
303979;2007-11-15;Quinta;12:30:00;SP;116;133.2;CACAPAVA;Falta de atenção;Colisão com objeto fixo;Sem Vítimas;Pleno dia;Decrescente;Ceu Claro;Dupla;Reta;Rural;2;2
304027;2007-11-18;Domingo;06:10:00;SP;116;120.4;CACAPAVA;Falta de atenção;Colisão traseira;Sem Vítimas;Pleno dia;Decrescente;Sol;Dupla;Reta;Rural;2;2
304069;2007-11-19;Segunda;09:50:00;SP;116;177.3;GUARAREMA;Outras;Colisão com objeto fixo;Sem Vítimas;Pleno dia;Crescente;Chuva;Dupla;Curva;Rural;2;2
304123;2007-11-17;Sábado;18:30:00;SP;116;217.5;GUARULHOS;Outras;Colisão traseira;Com Vítimas Feridas;Pleno dia;Decrescente;Ceu Claro;Simples;Reta;Urbano;6;5
304125;2007-11-15;Quinta;04:15:00;SP;116;206.0;GUARULHOS;Falta de atenção;Colisão traseira;Sem Vítimas;Plena noite;Decrescente;Nublado;Múltipla;Reta;Urbano;2;2
304131;2007-11-19;Segunda;16:00:00;SP;116;146.9;SAO JOSE DOS CAMPOS;Não guardar distância de segurança;Colisão traseira;Sem Vítimas;Pleno dia;Decrescente;Chuva;Dupla;Reta;Urbano;2;2
304159;2007-11-19;Segunda;15:00:00;SP;116;125.5;CACAPAVA;Outras;Colisão traseira;Sem Vítimas;Pleno dia;Decrescente;Nublado;Dupla;Reta;Urbano;2;2
304173;2007-11-19;Segunda;11:15:00;SP;116;223.0;GUARULHOS;Outras;Colisão lateral;Sem Vítimas;Pleno dia;Crescente;Nublado;Múltipla;Reta;Urbano;1;1
304177;2007-11-19;Segunda;16:40:00;SP;116;138.2;SAO JOSE DOS CAMPOS;Falta de atenção;Colisão traseira;Sem Vítimas;Pleno dia;Crescente;Chuva;Dupla;Reta;Urbano;2;2
304211;2007-11-19;Segunda;16:50:00;SP;116;220.0;GUARULHOS;Desobediência à sinalização;Colisão traseira;Sem Vítimas;Pleno dia;Decrescente;Ceu Claro;Múltipla;Reta;Urbano;2;2
304236;2007-11-18;Domingo;16:45:00;SP;116;107.6;TAUBATE;Falta de atenção;Colisão lateral;Sem Vítimas;Pleno dia;Crescente;Ceu Claro;Dupla;Reta;Urbano;2;2
304341;2007-11-16;Sexta;17:30:00;SP;116;220.0;GUARULHOS;Falta de atenção;Colisão traseira;Sem Vítimas;Pleno dia;Crescente;Ceu Claro;Múltipla;Reta;Urbano;1;1
304396;2007-11-17;Sábado;08:00:00;SP;116;212.0;GUARULHOS;Defeito mecânico em veículo;Colisão lateral;Sem Vítimas;Pleno dia;Crescente;Nublado;Múltipla;Reta;Urbano;2;2
304463;2007-11-18;Domingo;20:50:00;SP;116;158.0;JACAREI;Defeito mecânico em veículo;Colisão com objeto móvel;Sem Vítimas;Plena noite;Crescente;Ceu Claro;Dupla;Reta;Urbano;2;2
304495;2007-11-20;Terça;16:00:00;SP;116;146.6;SAO JOSE DOS CAMPOS;Outras;Colisão lateral;Com Vítimas Feridas;Pleno dia;Crescente;Ceu Claro;Dupla;Reta;Urbano;2;2
304531;2007-11-18;Domingo;18:50:00;SP;116;224.0;GUARULHOS;Outras;Colisão lateral;Sem Vítimas;Pleno dia;Crescente;Sol;Múltipla;Reta;Rural;2;2
304578;2007-11-20;Terça;09:00:00;SP;116;218.0;GUARULHOS;Não guardar distância de segurança;Colisão traseira;Sem Vítimas;Pleno dia;Decrescente;Ceu Claro;Múltipla;Reta;Urbano;2;2
304707;2007-11-21;Quarta;00:45:00;SP;116;207.0;GUARULHOS;Defeito mecânico em veículo;Capotamento;Sem Vítimas;Plena noite;Crescente;Nublado;Dupla;Reta;Urbano;2;2
304715;2007-11-20;Terça;12:00:00;SP;116;165.0;JACAREI;Outras;Colisão traseira;Sem Vítimas;Pleno dia;Decrescente;Ceu Claro;Múltipla;Reta;Urbano;2;2
304731;2007-11-20;Terça;19:00:00;SP;116;148.0;SAO JOSE DOS CAMPOS;Outras;Colisão traseira;Sem Vítimas;Pleno dia;Decrescente;Ceu Claro;Dupla;Reta;Urbano;2;2
304790;2007-11-11;Domingo;06:40:00;SP;116;205.0;ARUJA;Outras;Colisão com objeto fixo;Sem Vítimas;Pleno dia;Crescente;Chuva;Múltipla;Curva;Urbano;1;1
304804;2007-11-16;Sexta;10:30:00;SP;116;211.0;GUARULHOS;Outras;Colisão lateral;Sem Vítimas;Pleno dia;Decrescente;Nublado;Múltipla;Reta;Urbano;2;2
304820;2007-11-18;Domingo;19:20:00;SP;116;203.0;ARUJA;Ingestão de álcool;Colisão traseira;Sem Vítimas;Anoitecer;Crescente;Nublado;Dupla;Reta;Urbano;2;2
304832;2007-11-17;Sábado;18:35:00;SP;116;103.3;TAUBATE;Outras;Colisão com objeto fixo;Sem Vítimas;Pleno dia;Crescente;Ceu Claro;Múltipla;Reta;Rural;1;1
304854;2007-11-18;Domingo;16:30:00;SP;116;107.6;TAUBATE;Outras;Colisão traseira;Com Vítimas Feridas;Pleno dia;Decrescente;Ceu Claro;Dupla;Reta;Urbano;3;2
304925;2007-11-20;Terça;07:30:00;SP;116;165.0;JACAREI;Falta de atenção;Colisão traseira;Sem Vítimas;Pleno dia;Decrescente;Sol;Dupla;Reta;Urbano;3;3
304958;2007-11-18;Domingo;17:50:00;SP;116;150.2;SAO JOSE DOS CAMPOS;Falta de atenção;Colisão traseira;Com Vítimas Feridas;Anoitecer;Crescente;Sol;Dupla;Reta;Rural;2;2
305013;2007-11-21;Quarta;19:30:00;SP;116;122.5;CACAPAVA;Falta de atenção;Colisão lateral;Sem Vítimas;Anoitecer;Decrescente;Ceu Claro;Dupla;Reta;Rural;2;2
305028;2007-11-20;Terça;05:15:00;SP;116;213.6;GUARULHOS;Outras;Queda de motocicleta / bicicleta / veículo;Com Vítimas Feridas;Plena noite;Crescente;Ceu Claro;Múltipla;Reta;Urbano;1;1
305040;2007-11-21;Quarta;21:45:00;SP;116;160.0;JACAREI;Outras;Colisão traseira;Sem Vítimas;Plena noite;Decrescente;Ceu Claro;Dupla;Reta;Rural;2;2
305048;2007-11-18;Domingo;19:40:00;SP;116;202.0;ARUJA;Ingestão de álcool;Colisão traseira;Sem Vítimas;Plena noite;Crescente;Nublado;Dupla;Reta;Urbano;3;3
305094;2007-11-20;Terça;13:30:00;SP;116;211.0;GUARULHOS;Outras;Colisão lateral;Sem Vítimas;Pleno dia;Crescente;Ceu Claro;Múltipla;Reta;Urbano;4;4
305121;2007-08-16;Quinta;17:45:00;SP;116;119.0;TAUBATE;Outras;Saída de Pista;Com Vítimas Feridas;Anoitecer;Decrescente;Ceu Claro;Dupla;Curva;Rural;2;2
305126;2007-11-21;Quarta;19:30:00;SP;116;138.5;SAO JOSE DOS CAMPOS;Falta de atenção;Colisão lateral;Sem Vítimas;Anoitecer;Decrescente;Ceu Claro;Dupla;Reta;Rural;2;2
305158;2007-11-18;Domingo;17:14:00;SP;116;106.5;TAUBATE;Outras;Colisão traseira;Sem Vítimas;Pleno dia;Crescente;Sol;Dupla;Reta;Urbano;2;2
305168;2007-11-21;Quarta;14:45:00;SP;116;126.0;CACAPAVA;Outras;Colisão lateral;Sem Vítimas;Pleno dia;Crescente;Sol;Dupla;Reta;Urbano;2;2
305169;2007-11-19;Segunda;09:35:00;SP;116;174.7;JACAREI;Outras;Colisão lateral;Com Vítimas Feridas;Pleno dia;Decrescente;Chuva;Dupla;Reta;Rural;3;2
305182;2007-11-18;Domingo;16:25:00;SP;116;140.8;SAO JOSE DOS CAMPOS;Outras;Colisão traseira;Sem Vítimas;Pleno dia;Crescente;Ceu Claro;Dupla;Reta;Urbano;2;2
305195;2007-11-20;Terça;18:18:00;SP;116;140.4;SAO JOSE DOS CAMPOS;Outras;Colisão traseira;Sem Vítimas;Pleno dia;Crescente;Sol;Dupla;Reta;Urbano;4;4
305200;2007-11-19;Segunda;06:50:00;SP;116;110.0;TAUBATE;Outras;Colisão com bicicleta;Com Vítimas Feridas;Amanhecer;Crescente;Ceu Claro;Dupla;Reta;Urbano;2;2
305245;2007-11-21;Quarta;05:40:00;SP;116;184.4;SANTA ISABEL;Outras;Colisão traseira;Com Vítimas Fatais;Amanhecer;Crescente;Nublado;Múltipla;Reta;Rural;2;2
305282;2007-11-20;Terça;17:10:00;SP;116;169.0;JACAREI;Falta de atenção;Colisão lateral;Sem Vítimas;Pleno dia;Crescente;Ceu Claro;Dupla;Reta;Urbano;2;2
305340;2007-11-22;Quinta;12:00:00;SP;116;190.6;SANTA ISABEL;Outras;Colisão com objeto fixo;Sem Vítimas;Pleno dia;Decrescente;Sol;Dupla;Reta;Rural;2;2
305426;2007-11-22;Quinta;20:20:00;SP;116;200.0;ARUJA;Falta de atenção;Colisão traseira;Sem Vítimas;Plena noite;Decrescente;Nublado;Múltipla;Reta;Urbano;2;2
305524;2007-11-22;Quinta;10:00:00;SP;116;228.0;SAO PAULO;Falta de atenção;Colisão traseira;Sem Vítimas;Pleno dia;Crescente;Sol;Múltipla;Reta;Urbano;2;2
305595;2007-11-23;Sexta;15:30:00;SP;116;144.8;SAO JOSE DOS CAMPOS;Falta de atenção;Colisão traseira;Sem Vítimas;Pleno dia;Crescente;Sol;Dupla;Reta;Urbano;2;2
305658;2007-11-23;Sexta;18:50:00;SP;116;146.5;SAO JOSE DOS CAMPOS;Não guardar distância de segurança;Colisão traseira;Sem Vítimas;Anoitecer;Crescente;Ceu Claro;Dupla;Reta;Urbano;3;3
305679;2007-11-22;Quinta;08:40:00;SP;116;154.0;SAO JOSE DOS CAMPOS;Falta de atenção;Colisão traseira;Sem Vítimas;Amanhecer;Crescente;Sol;Dupla;Reta;Rural;2;2
305693;2007-11-23;Sexta;08:30:00;SP;116;157.0;SAO JOSE DOS CAMPOS;Outras;Colisão traseira;Sem Vítimas;Pleno dia;Decrescente;Ceu Claro;Dupla;Reta;Rural;3;3
305716;2007-11-23;Sexta;14:10:00;SP;116;119.5;CACAPAVA;Outras;Colisão traseira;Sem Vítimas;Pleno dia;Crescente;Sol;Dupla;Reta;Urbano;2;2
305726;2007-11-19;Segunda;12:20:00;SP;116;168.4;JACAREI;Outras;Colisão com objeto móvel;Sem Vítimas;Pleno dia;Decrescente;Sol;Dupla;Reta;Rural;2;2
305761;2007-11-23;Sexta;23:00:00;SP;116;211.0;GUARULHOS;Falta de atenção;Colisão lateral;Sem Vítimas;Plena noite;Decrescente;Ceu Claro;Múltipla;Reta;Urbano;1;1
305842;2007-11-21;Quarta;07:50:00;SP;116;217.2;GUARULHOS;Outras;Colisão lateral;Com Vítimas Feridas;Pleno dia;Crescente;Sol;Múltipla;Reta;Urbano;2;2
305868;2007-11-22;Quinta;10:16:00;SP;116;228.0;SAO PAULO;Falta de atenção;Colisão traseira;Sem Vítimas;Pleno dia;Crescente;Sol;Múltipla;Reta;Urbano;1;1
305876;2007-11-23;Sexta;08:00:00;SP;116;229.0;SAO PAULO;Falta de atenção;Colisão traseira;Sem Vítimas;Pleno dia;Crescente;Nublado;Múltipla;Reta;Urbano;2;2
305883;2007-11-23;Sexta;10:05:00;SP;116;224.0;GUARULHOS;Falta de atenção;Colisão traseira;Sem Vítimas;Pleno dia;Crescente;Ceu Claro;Múltipla;Reta;Urbano;3;3