id;data_inversa;dia_semana;horario;uf;br;km;municipio;causa_acidente;tipo_acidente;classificacao_acidente;fase_dia;sentido_via;condicao_metereologica;tipo_pista;tracado_via;uso_solo;pessoas;veiculos
320135;2007-12-19;Quarta;16:50:00;SP;116;177.2;GUARAREMA;Outras;Tombamento;Sem Vítimas;Pleno dia;Decrescente;Chuva;Dupla;Reta;Urbano;1;1
320136;2007-12-23;Domingo;19:10:00;SP;116;146.5;SAO JOSE DOS CAMPOS;Outras;Atropelamento de pessoa;Com Vítimas Fatais;Pleno dia;Crescente;Ceu Claro;Dupla;Reta;Urbano;2;1
320305;2007-12-20;Quinta;14:30:00;SP;116;217.0;GUARULHOS;Outras;Colisão traseira;Sem Vítimas;Pleno dia;Crescente;Ceu Claro;Múltipla;Reta;Urbano;2;2
320426;2007-12-22;Sábado;20:30:00;SP;116;154.2;SAO JOSE DOS CAMPOS;Outras;Colisão lateral;Com Vítimas Feridas;Plena noite;Decrescente;Ceu Claro;Dupla;Reta;Urbano;3;2
320432;2007-12-21;Sexta;22:30:00;SP;116;215.0;GUARULHOS;Ingestão de álcool;Colisão traseira;Com Vítimas Feridas;Plena noite;Decrescente;Ceu Claro;Múltipla;Reta;Urbano;5;4
320434;2007-12-20;Quinta;23:30:00;SP;116;111.8;TAUBATE;Defeito mecânico em veículo;Queda de motocicleta / bicicleta / veículo;Com Vítimas Feridas;Plena noite;Crescente;Chuva;Dupla;Reta;Urbano;2;1
320481;2007-12-24;Segunda;09:20:00;SP;116;223.0;GUARULHOS;Outras;Queda de motocicleta / bicicleta / veículo;Com Vítimas Feridas;Pleno dia;Decrescente;Sol;Múltipla;Curva;Urbano;1;1
320610;2007-12-21;Sexta;15:25:00;SP;116;162.6;JACAREI;Defeito mecânico em veículo;Colisão traseira;Sem Vítimas;Pleno dia;Decrescente;Ceu Claro;Dupla;Reta;Urbano;6;6
320804;2007-12-21;Sexta;19:50:00;SP;116;139.8;SAO JOSE DOS CAMPOS;Outras;Atropelamento de pessoa;Com Vítimas Feridas;Plena noite;Decrescente;Ceu Claro;Dupla;Reta;Urbano;3;1
320876;2007-12-18;Terça;11:00:00;SP;116;199.0;ARUJA;Falta de atenção;Colisão traseira;Sem Vítimas;Pleno dia;Decrescente;Ceu Claro;Múltipla;Reta;Urbano;2;2
320882;2007-12-21;Sexta;21:50:00;SP;116;120.3;CACAPAVA;Ultrapassagem indevida;Colisão lateral;Com Vítimas Feridas;Plena noite;Decrescente;Chuva;Dupla;Reta;Rural;1;1
320906;2007-12-18;Terça;11:45:00;SP;116;214.0;GUARULHOS;Dormindo;Colisão traseira;Sem Vítimas;Pleno dia;Decrescente;Ceu Claro;Múltipla;Reta;Urbano;2;2
320923;2007-12-21;Sexta;01:00:00;SP;116;198.0;ARUJA;Falta de atenção;Colisão traseira;Sem Vítimas;Plena noite;Crescente;Nublado;Dupla;Reta;Urbano;1;1
320933;2007-12-21;Sexta;06:30:00;SP;116;102.4;PINDAMONHANGABA;Falta de atenção;Saída de Pista;Sem Vítimas;Amanhecer;Decrescente;Chuva;Dupla;Reta;Rural;1;1
320937;2007-12-21;Sexta;22:30:00;SP;116;213.0;GUARULHOS;Outras;Capotamento;Com Vítimas Feridas;Plena noite;Decrescente;Nublado;Múltipla;Reta;Urbano;4;1
320999;2007-12-25;Terça;13:05:00;SP;116;218.4;GUARULHOS;Outras;Atropelamento de pessoa;Com Vítimas Fatais;Pleno dia;Crescente;Nublado;Múltipla;Reta;Urbano;2;1
321315;2007-12-22;Sábado;12:40:00;SP;116;175.0;GUARAREMA;Outras;Colisão lateral;Sem Vítimas;Pleno dia;Crescente;Chuva;Dupla;Reta;Urbano;2;2
321318;2007-12-23;Domingo;01:30:00;SP;116;178.3;GUARAREMA;Outras;Capotamento;Com Vítimas Feridas;Plena noite;Decrescente;Chuva;Dupla;Curva;Urbano;3;1
321513;2007-09-14;Sexta;07:10:00;SP;116;147.0;SAO JOSE DOS CAMPOS;Outras;Colisão traseira;Sem Vítimas;Pleno dia;Decrescente;Ceu Claro;Múltipla;Reta;Urbano;2;2
321518;2007-12-20;Quinta;11:30:00;SP;116;216.2;GUARULHOS;Outras;Colisão com objeto móvel;Sem Vítimas;Pleno dia;Crescente;Sol;Múltipla;Reta;Urbano;2;2
321537;2007-12-26;Quarta;12:49:00;SP;116;108.4;TAUBATE;Falta de atenção;Colisão com objeto fixo;Com Vítimas Feridas;Pleno dia;Decrescente;Sol;Dupla;Reta;Urbano;3;2
321551;2007-12-26;Quarta;14:00:00;SP;116;161.8;JACAREI;Falta de atenção;Colisão com objeto fixo;Com Vítimas Feridas;Pleno dia;Crescente;Ceu Claro;Dupla;Reta;Urbano;2;2
321566;2007-12-18;Terça;18:15:00;SP;116;217.0;GUARULHOS;Outras;Colisão traseira;Sem Vítimas;Pleno dia;Crescente;Sol;Múltipla;Reta;Urbano;2;2
321575;2007-12-22;Sábado;21:10:00;SP;116;202.5;ARUJA;Ingestão de álcool;Colisão traseira;Com Vítimas Feridas;Plena noite;Crescente;Nublado;Dupla;Reta;Rural;6;3
321578;2007-12-21;Sexta;10:30:00;SP;116;213.5;GUARULHOS;Falta de atenção;Colisão lateral;Sem Vítimas;Pleno dia;Crescente;Ceu Claro;Múltipla;Reta;Urbano;2;2
321684;2007-12-26;Quarta;15:50:00;SP;116;223.0;GUARULHOS;Outras;Capotamento;Com Vítimas Feridas;Pleno dia;Decrescente;Ceu Claro;Múltipla;Reta;Urbano;1;1
321781;2007-12-26;Quarta;18:58:00;SP;116;117.1;TAUBATE;Outras;Danos Eventuais;Sem Vítimas;Anoitecer;Crescente;Ceu Claro;Dupla;Reta;Urbano;1;1
321877;2007-12-21;Sexta;02:20:00;SP;116;177.0;GUARAREMA;Outras;Colisão com objeto fixo;Sem Vítimas;Plena noite;Crescente;Chuva;Dupla;Reta;Rural;1;1
321906;2007-12-27;Quinta;09:40:00;SP;116;146.0;SAO JOSE DOS CAMPOS;Outras;Colisão traseira;Sem Vítimas;Pleno dia;Crescente;Ceu Claro;Dupla;Reta;Urbano;2;2
321938;2007-12-24;Segunda;22:20:00;SP;116;223.0;GUARULHOS;Falta de atenção;Colisão traseira;Com Vítimas Feridas;Plena noite;Crescente;Nublado;Múltipla;Reta;Urbano;6;2
321940;2007-12-22;Sábado;11:45:00;SP;116;220.9;GUARULHOS;Não guardar distância de segurança;Queda de motocicleta / bicicleta / veículo;Com Vítimas Fatais;Pleno dia;Crescente;Ceu Claro;Múltipla;Reta;Urbano;2;2
321986;2007-12-21;Sexta;23:15:00;SP;116;219.0;GUARULHOS;Outras;Colisão traseira;Sem Vítimas;Plena noite;Crescente;Ceu Claro;Múltipla;Reta;Urbano;2;2
321987;2007-12-27;Quinta;10:00:00;SP;116;211.0;GUARULHOS;Outras;Colisão traseira;Sem Vítimas;Pleno dia;Decrescente;Sol;Múltipla;Reta;Urbano;2;2
322022;2007-12-27;Quinta;13:25:00;SP;116;110.7;TAUBATE;Falta de atenção;Colisão traseira;Sem Vítimas;Pleno dia;Crescente;Ceu Claro;Dupla;Reta;Urbano;4;4
322078;2007-12-27;Quinta;13:10:00;SP;116;102.8;PINDAMONHANGABA;Falta de atenção;Colisão traseira;Sem Vítimas;Pleno dia;Decrescente;Sol;Dupla;Reta;Rural;2;2
322097;2007-12-26;Quarta;14:40:00;SP;116;152.0;SAO JOSE DOS CAMPOS;Outras;Colisão com objeto fixo;Com Vítimas Feridas;Pleno dia;Crescente;Sol;Dupla;Reta;Urbano;1;1
322120;2007-12-26;Quarta;11:00:00;SP;116;153.4;SAO JOSE DOS CAMPOS;Falta de atenção;Colisão lateral;Sem Vítimas;Pleno dia;Crescente;Sol;Dupla;Reta;Urbano;2;2
322169;2007-12-21;Sexta;13:00:00;SP;116;217.5;GUARULHOS;Falta de atenção;Colisão traseira;Sem Vítimas;Pleno dia;Crescente;Nublado;Múltipla;Reta;Urbano;3;3
322210;2007-12-24;Segunda;14:20:00;SP;116;201.0;ARUJA;Outras;Colisão traseira;Sem Vítimas;Pleno dia;Crescente;Ceu Claro;Dupla;Reta;Urbano;2;2
322247;2007-12-27;Quinta;23:10:00;SP;116;227.6;SAO PAULO;Falta de atenção;Atropelamento de pessoa;Com Vítimas Feridas;Plena noite;Decrescente;Ceu Claro;Múltipla;Reta;Urbano;2;1
322253;2007-12-27;Quinta;19:05:00;SP;116;224.0;GUARULHOS;Falta de atenção;Colisão traseira;Com Vítimas Feridas;Plena noite;Decrescente;Ceu Claro;Dupla;Reta;Urbano;3;2
322350;2007-12-21;Sexta;17:40:00;SP;116;227.0;GUARULHOS;Outras;Colisão traseira;Sem Vítimas;Pleno dia;Decrescente;Nublado;Múltipla;Reta;Urbano;3;3
322376;2007-12-22;Sábado;10:30:00;SP;116;227.8;SAO PAULO;Falta de atenção;Colisão traseira;Com Vítimas Feridas;Pleno dia;Decrescente;Nublado;Múltipla;Reta;Urbano;2;2
322399;2007-12-24;Segunda;01:30:00;SP;116;210.0;GUARULHOS;Falta de atenção;Colisão traseira;Sem Vítimas;Plena noite;Decrescente;Ceu Claro;Múltipla;Reta;Urbano;2;2
322405;2007-12-24;Segunda;22:30:00;SP;116;223.0;GUARULHOS;Outras;Colisão com objeto fixo;Sem Vítimas;Plena noite;Crescente;Nublado;Simples;Reta;Urbano;1;1
322447;2007-12-25;Terça;01:00:00;SP;116;197.0;ARUJA;Outras;Queda de motocicleta / bicicleta / veículo;Com Vítimas Feridas;Plena noite;Decrescente;Ceu Claro;Dupla;Reta;Urbano;1;1
322497;2007-12-27;Quinta;17:15:00;SP;116;221.0;GUARULHOS;Não guardar distância de segurança;Colisão lateral;Com Vítimas Feridas;Pleno dia;Decrescente;Ceu Claro;Múltipla;Reta;Urbano;3;2
322505;2007-12-22;Sábado;22:30:00;SP;116;178.0;GUARAREMA;Outras;Capotamento;Com Vítimas Feridas;Plena noite;Crescente;Ceu Claro;Dupla;Reta;Urbano;5;2
322508;2007-12-28;Sexta;14:50:00;SP;116;119.2;TAUBATE;Outras;Colisão traseira;Sem Vítimas;Pleno dia;Decrescente;Ceu Claro;Dupla;Reta;Rural;3;3
322537;2007-12-28;Sexta;15:45:00;SP;116;114.2;TAUBATE;Outras;Capotamento;Com Vítimas Feridas;Pleno dia;Decrescente;Ceu Claro;Dupla;Reta;Urbano;2;1
322540;2007-12-21;Sexta;04:10:00;SP;116;183.0;SANTA ISABEL;Outras;Colisão lateral;Sem Vítimas;Plena noite;Crescente;Chuva;Dupla;Reta;Rural;2;2
322545;2007-12-28;Sexta;10:20:00;SP;116;166.5;JACAREI;Outras;Colisão traseira;Sem Vítimas;Pleno dia;Crescente;Ceu Claro;Simples;Reta;Rural;2;2
322549;2007-12-21;Sexta;15:30:00;SP;116;223.0;GUARULHOS;Outras;Colisão traseira;Sem Vítimas;Pleno dia;Decrescente;Ceu Claro;Múltipla;Reta;Urbano;2;2
322570;2007-12-28;Sexta;15:30:00;SP;116;166.5;JACAREI;Outras;Colisão traseira;Sem Vítimas;Pleno dia;Decrescente;Sol;Dupla;Reta;Rural;2;2
322578;2007-12-22;Sábado;07:50:00;SP;116;222.9;GUARULHOS;Falta de atenção;Colisão lateral;Com Vítimas Feridas;Pleno dia;Decrescente;Ceu Claro;Múltipla;Reta;Urbano;2;2
322647;2007-12-28;Sexta;14:15:00;SP;116;146.6;SAO JOSE DOS CAMPOS;Falta de atenção;Colisão traseira;Sem Vítimas;Pleno dia;Decrescente;Ceu Claro;Simples;Reta;Urbano;2;2
322725;2007-12-26;Quarta;13:00:00;SP;116;219.0;GUARULHOS;Outras;Colisão traseira;Sem Vítimas;Pleno dia;Decrescente;Sol;Múltipla;Reta;Urbano;2;2
322818;2007-12-27;Quinta;08:40:00;SP;116;139.0;SAO JOSE DOS CAMPOS;Falta de atenção;Colisão traseira;Sem Vítimas;Pleno dia;Decrescente;Sol;Dupla;Reta;Rural;2;2
322850;2007-12-29;Sábado;07:45:00;SP;116;117.5;TAUBATE;Não guardar distância de segurança;Colisão traseira;Sem Vítimas;Pleno dia;Decrescente;Ceu Claro;Dupla;Reta;Rural;2;2
322864;2007-12-29;Sábado;08:40:00;SP;116;123.0;CACAPAVA;Outras;Colisão com objeto fixo;Com Vítimas Feridas;Pleno dia;Crescente;Sol;Dupla;Reta;Urbano;3;1
322873;2007-12-29;Sábado;05:10:00;SP;116;153.1;SAO JOSE DOS CAMPOS;Outras;Colisão traseira;Com Vítimas Feridas;Plena noite;Crescente;Nublado;Simples;Reta;Urbano;21;3
322887;2007-12-27;Quinta;18:05:00;SP;116;217.7;GUARULHOS;Falta de atenção;Colisão traseira;Sem Vítimas;Pleno dia;Decrescente;Sol;Múltipla;Reta;Urbano;2;2
322897;2007-12-28;Sexta;11:50:00;SP;116;218.0;GUARULHOS;Falta de atenção;Colisão lateral;Sem Vítimas;Pleno dia;Decrescente;Sol;Múltipla;Reta;Urbano;2;2
322901;2007-12-28;Sexta;13:30:00;SP;116;204.5;ARUJA;Outras;Colisão com objeto móvel;Sem Vítimas;Pleno dia;Decrescente;Sol;Dupla;Reta;Rural;1;1
322920;2007-12-28;Sexta;16:50:00;SP;116;216.1;GUARULHOS;Outras;Colisão com objeto fixo;Sem Vítimas;Pleno dia;Decrescente;Sol;Múltipla;Reta;Urbano;1;1
322985;2007-12-27;Quinta;18:30:00;SP;116;217.1;GUARULHOS;Outras;Colisão lateral;Sem Vítimas;Pleno dia;Crescente;Ceu Claro;Múltipla;Reta;Urbano;2;2
323004;2007-12-27;Quinta;23:40:00;SP;116;151.1;SAO JOSE DOS CAMPOS;Outras;Colisão lateral;Com Vítimas Feridas;Plena noite;Crescente;Ceu Claro;Simples;Curva;Urbano;2;2
323008;2007-12-28;Sexta;15:15:00;SP;116;203.0;ARUJA;Outras;Colisão lateral;Sem Vítimas;Pleno dia;Crescente;Sol;Dupla;Reta;Urbano;2;2
323027;2007-12-28;Sexta;17:50:00;SP;116;214.0;GUARULHOS;Outras;Colisão traseira;Sem Vítimas;Pleno dia;Decrescente;Sol;Múltipla;Reta;Urbano;2;2
323044;2007-12-27;Quinta;15:20:00;SP;116;139.7;SAO JOSE DOS CAMPOS;Dormindo;Colisão traseira;Sem Vítimas;Pleno dia;Crescente;Ceu Claro;Dupla;Reta;Rural;2;2
323085;2007-12-28;Sexta;15:30:00;SP;116;220.0;GUARULHOS;Outras;Queda de motocicleta / bicicleta / veículo;Com Vítimas Feridas;Pleno dia;Decrescente;Ceu Claro;Múltipla;Reta;Urbano;1;1
323096;2007-12-28;Sexta;07:30:00;SP;116;221.0;GUARULHOS;Outras;Colisão lateral;Sem Vítimas;Pleno dia;Decrescente;Ceu Claro;Múltipla;Reta;Urbano;1;1
323153;2007-12-26;Quarta;17:50:00;SP;116;215.0;GUARULHOS;Falta de atenção;Colisão traseira;Sem Vítimas;Pleno dia;Decrescente;Ceu Claro;Múltipla;Reta;Urbano;2;2
323156;2007-12-29;Sábado;02:33:00;SP;116;156.0;SAO JOSE DOS CAMPOS;Outras;Colisão traseira;Sem Vítimas;Plena noite;Decrescente;Ceu Claro;Dupla;Reta;Urbano;5;5
323178;2007-12-29;Sábado;00:30:00;SP;116;212.0;GUARULHOS;Outras;Colisão traseira;Sem Vítimas;Plena noite;Decrescente;Ceu Claro;Múltipla;Reta;Urbano;2;2
323185;2007-12-29;Sábado;21:20:00;SP;116;222.8;GUARULHOS;Falta de atenção;Colisão lateral;Sem Vítimas;Plena noite;Decrescente;Nublado;Dupla;Reta;Urbano;2;2
323214;2007-12-29;Sábado;00:05:00;SP;116;224.5;GUARULHOS;Outras;Colisão lateral;Sem Vítimas;Plena noite;Decrescente;Nublado;Múltipla;Reta;Urbano;2;2
323225;2007-12-29;Sábado;14:30:00;SP;116;162.0;JACAREI;Outras;Tombamento;Sem Vítimas;Pleno dia;Crescente;Sol;Simples;Curva;Urbano;1;1
323262;2007-12-26;Quarta;04:20:00;SP;116;221.0;GUARULHOS;Outras;Colisão lateral;Sem Vítimas;Plena noite;Crescente;Nublado;Múltipla;Reta;Urbano;1;1
323282;2007-12-29;Sábado;17:10:00;SP;116;219.0;GUARULHOS;Ingestão de álcool;Capotamento;Sem Vítimas;Pleno dia;Crescente;Sol;Simples;Curva;Urbano;1;1
323299;2007-12-28;Sexta;11:20:00;SP;116;169.0;JACAREI;Falta de atenção;Colisão lateral;Sem Vítimas;Pleno dia;Crescente;Sol;Dupla;Reta;Rural;2;2
323346;2007-12-28;Sexta;14:30:00;SP;116;178.5;GUARAREMA;Dormindo;Colisão lateral;Sem Vítimas;Pleno dia;Decrescente;Sol;Dupla;Reta;Rural;2;2
323386;2007-12-29;Sábado;09:00:00;SP;116;117.6;TAUBATE;Não guardar distância de segurança;Colisão traseira;Sem Vítimas;Pleno dia;Crescente;Ceu Claro;Dupla;Reta;Rural;4;4
323534;2007-12-30;Domingo;21:20:00;SP;116;225.0;GUARULHOS;Não guardar distância de segurança;Colisão lateral;Sem Vítimas;Plena noite;Decrescente;Nublado;Múltipla;Reta;Urbano;3;2
323623;2007-12-31;Segunda;07:25:00;SP;116;190.5;SANTA ISABEL;Outras;Colisão com objeto fixo;Sem Vítimas;Amanhecer;Crescente;Sol;Dupla;Curva;Rural;2;2
323645;2007-12-27;Quinta;14:10:00;SP;116;187.5;SANTA ISABEL;Outras;Saída de Pista;Sem Vítimas;Pleno dia;Decrescente;Ceu Claro;Dupla;Reta;Urbano;1;1
323717;2007-12-29;Sábado;08:00:00;SP;116;133.5;CACAPAVA;Não guardar distância de segurança;Colisão traseira;Sem Vítimas;Pleno dia;Decrescente;Sol;Dupla;Reta;Rural;3;3
323807;2007-12-29;Sábado;16:00:00;SP;116;130.5;CACAPAVA;Defeito mecânico em veículo;Capotamento;Com Vítimas Feridas;Pleno dia;Decrescente;Ceu Claro;Dupla;Reta;Rural;2;1
323829;2007-12-31;Segunda;01:00:00;SP;116;215.0;GUARULHOS;Outras;Atropelamento de animal;Sem Vítimas;Plena noite;Crescente;Ceu Claro;Múltipla;Reta;Rural;1;1
323856;2007-12-31;Segunda;19:00:00;SP;116;227.8;SAO PAULO;Falta de atenção;Colisão com objeto fixo;Sem Vítimas;Pleno dia;Decrescente;Sol;Múltipla;Reta;Urbano;1;1
323898;2007-12-27;Quinta;17:30:00;SP;116;220.5;GUARULHOS;Outras;Colisão traseira;Com Vítimas Feridas;Pleno dia;Decrescente;Sol;Múltipla;Reta;Urbano;4;4
323940;2007-12-28;Sexta;18:13:00;SP;116;138.3;SAO JOSE DOS CAMPOS;Falta de atenção;Colisão lateral;Com Vítimas Feridas;Pleno dia;Decrescente;Ceu Claro;Dupla;Reta;Urbano;2;2
324138;2007-12-30;Domingo;19:20:00;SP;116;226.0;GUARULHOS;Falta de atenção;Colisão lateral;Com Vítimas Feridas;Plena noite;Decrescente;Nublado;Múltipla;Reta;Urbano;2;2
324755;2007-01-02;Terça;13:50:00;SP;116;151.7;SAO JOSE DOS CAMPOS;Não guardar distância de segurança;Colisão traseira;Sem Vítimas;Pleno dia;Crescente;Sol;Múltipla;Reta;Urbano;4;4
324868;2007-12-29;Sábado;18:30:00;SP;116;193.6;SANTA ISABEL;Falta de atenção;Colisão lateral;Com Vítimas Feridas;Anoitecer;Decrescente;Chuva;Dupla;Reta;Rural;2;2
325079;2007-12-27;Quinta;01:20:00;SP;116;191.0;SANTA ISABEL;Outras;Atropelamento de animal;Sem Vítimas;Plena noite;Decrescente;Ceu Claro;Dupla;Reta;Urbano;1;1
325117;2007-12-30;Domingo;16:10:00;SP;116;227.0;GUARULHOS;Falta de atenção;Colisão lateral;Sem Vítimas;Pleno dia;Decrescente;Sol;Dupla;Curva;Urbano;2;2
325170;2007-12-30;Domingo;23:50:00;SP;116;147.2;SAO JOSE DOS CAMPOS;Outras;Colisão traseira;Sem Vítimas;Plena noite;Crescente;Ceu Claro;Dupla;Reta;Rural;2;2
325542;2007-12-29;Sábado;00:50:00;SP;116;211.6;GUARULHOS;Defeito mecânico em veículo;Colisão com objeto fixo;Com Vítimas Feridas;Plena noite;Decrescente;Ceu Claro;Múltipla;Reta;Urbano;3;1
325631;2007-01-05;Sexta;13:00:00;SP;116;224.4;GUARULHOS;Outras;Colisão traseira;Sem Vítimas;Pleno dia;Crescente;Chuva;Múltipla;Reta;Urbano;4;4
325706;2007-12-28;Sexta;23:05:00;SP;116;221.0;GUARULHOS;Ingestão de álcool;Colisão traseira;Sem Vítimas;Plena noite;Decrescente;Ceu Claro;Múltipla;Reta;Urbano;2;2
326458;2007-12-30;Domingo;17:00:00;SP;116;222.0;GUARULHOS;Defeito mecânico em veículo;Colisão com objeto móvel;Sem Vítimas;Pleno dia;Decrescente;Ceu Claro;Múltipla;Reta;Urbano;2;2
326461;2007-01-06;Sábado;19:15:00;SP;116;210.0;GUARULHOS;Não guardar distância de segurança;Colisão traseira;Sem Vítimas;Anoitecer;Decrescente;Nublado;Múltipla;Reta;Urbano;2;2
327046;2007-01-02;Terça;17:30:00;SP;116;143.7;SAO JOSE DOS CAMPOS;Outras;Colisão traseira;Sem Vítimas;Pleno dia;Crescente;Ceu Claro;Dupla;Reta;Urbano;2;2
327167;2007-01-02;Terça;18:00:00;SP;116;150.0;SAO JOSE DOS CAMPOS;Outras;Colisão com objeto fixo;Sem Vítimas;Pleno dia;Decrescente;Chuva;Dupla;Reta;Urbano;1;1
327507;2007-10-06;Sábado;05:25:00;SP;116;145.5;SAO JOSE DOS CAMPOS;Outras;Colisão traseira;Sem Vítimas;Amanhecer;Decrescente;Ceu Claro;Simples;Reta;Urbano;3;3
328331;2007-01-11;Quinta;08:00:00;SP;116;165.0;JACAREI;Defeito mecânico em veículo;Colisão com objeto fixo;Sem Vítimas;Pleno dia;Decrescente;Sol;Múltipla;Reta;Urbano;1;1
329550;2007-01-14;Domingo;17:00:00;SP;116;195.3;ARUJA;Falta de atenção;Colisão traseira;Sem Vítimas;Pleno dia;Decrescente;Chuva;Múltipla;Reta;Rural;2;2
333243;2007-01-18;Quinta;19:45:00;SP;116;143.7;SAO JOSE DOS CAMPOS;Outras;Colisão traseira;Sem Vítimas;Pleno dia;Crescente;Ceu Claro;Dupla;Reta;Urbano;4;4
336299;2007-09-21;Sexta;18:15:00;SP;116;147.0;SAO JOSE DOS CAMPOS;Outras;Colisão lateral;Sem Vítimas;Plena noite;Decrescente;Ceu Claro;Dupla;Reta;Urbano;4;4
336585;2007-12-17;Segunda;17:25:00;SP;116;145.0;SAO JOSE DOS CAMPOS;Outras;Colisão traseira;Sem Vítimas;Pleno dia;Crescente;Sol;Dupla;Reta;Urbano;5;5
341601;2007-09-22;Sábado;14:34:00;SP;116;113.2;TAUBATE;Falta de atenção;Colisão traseira;Com Vítimas Feridas;Pleno dia;Decrescente;Ceu Claro;Dupla;Reta;Urbano;3;2
342213;2007-09-24;Segunda;18:15:00;SP;116;148.0;SAO JOSE DOS CAMPOS;Não guardar distância de segurança;Colisão traseira;Sem Vítimas;Anoitecer;Decrescente;Ceu Claro;Dupla;Reta;Urbano;5;5
343218;2007-12-22;Sábado;22:30:00;SP;116;225.0;GUARULHOS;Outras;Atropelamento de pessoa;Com Vítimas Feridas;Plena noite;Decrescente;Ceu Claro;Múltipla;Reta;Urbano;2;1
344185;2007-09-13;Quinta;07:30:00;SP;116;149.0;SAO JOSE DOS CAMPOS;Outras;Colisão com objeto fixo;Sem Vítimas;Pleno dia;Crescente;Ceu Claro;Dupla;Reta;Urbano;3;3
344603;2007-09-28;Sexta;20:45:00;SP;116;216.8;GUARULHOS;Falta de atenção;Colisão traseira;Sem Vítimas;Plena noite;Decrescente;Ceu Claro;Múltipla;Reta;Urbano;2;2
357562;2007-11-29;Quinta;11:25:00;SP;116;221.0;GUARULHOS;Falta de atenção;Colisão traseira;Sem Vítimas;Pleno dia;Crescente;Sol;Múltipla;Reta;Urbano;2;2
357923;2007-12-21;Sexta;08:45:00;SP;116;206.0;GUARULHOS;Falta de atenção;Colisão lateral;Sem Vítimas;Pleno dia;Crescente;Chuva;Múltipla;Reta;Urbano;2;2
357925;2007-11-28;Quarta;17:00:00;SP;116;220.0;GUARULHOS;Falta de atenção;Colisão lateral;Sem Vítimas;Pleno dia;Decrescente;Ceu Claro;Múltipla;Reta;Urbano;3;3
358095;2007-11-02;Sexta;11:30:00;SP;116;111.1;TAUBATE;Falta de atenção;Colisão traseira;Sem Vítimas;Pleno dia;Decrescente;Ceu Claro;Dupla;Reta;Urbano;2;2
360659;2007-12-14;Sexta;15:30:00;SP;116;219.0;GUARULHOS;Outras;Colisão traseira;Sem Vítimas;Pleno dia;Crescente;Ceu Claro;Múltipla;Reta;Urbano;2;2
366199;2007-09-14;Sexta;09:30:00;SP;116;161.0;JACAREI;Outras;Colisão lateral;Sem Vítimas;Pleno dia;Crescente;Sol;Dupla;Reta;Urbano;2;2
369269;2007-11-18;Domingo;17:50:00;SP;116;105.8;TAUBATE;Falta de atenção;Colisão traseira;Sem Vítimas;Pleno dia;Crescente;Ceu Claro;Dupla;Reta;Rural;2;2
371572;2007-11-08;Quinta;13:30:00;SP;116;165.0;JACAREI;Outras;Colisão traseira;Sem Vítimas;Pleno dia;Decrescente;Nublado;Múltipla;Reta;Rural;2;2
375065;2007-09-13;Quinta;19:20:00;SP;116;223.1;GUARULHOS;Outras;Colisão lateral;Sem Vítimas;Plena noite;Crescente;Ceu Claro;Múltipla;Reta;Urbano;2;2
378502;2007-08-03;Sexta;03:15:00;SP;116;141.8;SAO JOSE DOS CAMPOS;Outras;Capotamento;Com Vítimas Feridas;Plena noite;Crescente;Ceu Claro;Dupla;Reta;Urbano;7;3
380371;2007-06-14;Quinta;03:15:00;SP;116;144.7;SAO JOSE DOS CAMPOS;Falta de atenção;Colisão traseira;Sem Vítimas;Plena noite;Crescente;Ceu Claro;Dupla;Reta;Urbano;2;2
385013;2007-10-23;Terça;18:45:00;SP;116;99.0;PINDAMONHANGABA;Outras;Queda de motocicleta / bicicleta / veículo;Sem Vítimas;Anoitecer;Crescente;Chuva;Simples;Curva;Rural;2;2
399202;2007-12-29;Sábado;08:20:00;SP;116;215.5;GUARULHOS;Velocidade incompatível;Colisão com objeto fixo;Sem Vítimas;Pleno dia;Crescente;Sol;Múltipla;Reta;Urbano;2;2
401725;2007-12-21;Sexta;09:30:00;SP;116;207.0;GUARULHOS;Outras;Colisão lateral;Com Vítimas Feridas;Pleno dia;Decrescente;Ceu Claro;Dupla;Reta;Urbano;3;3
404672;2007-11-15;Quinta;00:40:00;SP;116;201.0;ARUJA;Falta de atenção;Colisão lateral;Sem Vítimas;Plena noite;Crescente;Ceu Claro;Múltipla;Reta;Urbano;2;2
418536;2007-06-24;Domingo;07:00:00;SP;116;209.5;GUARULHOS;Dormindo;Colisão lateral;Sem Vítimas;Pleno dia;Crescente;Ceu Claro;Dupla;Reta;Urbano;2;2
420415;2007-08-21;Terça;15:30:00;SP;116;226.0;GUARULHOS;Outras;Colisão traseira;Sem Vítimas;Pleno dia;Crescente;Sol;Dupla;Reta;Urbano;3;3
618828;2007-06-05;Terça;18:30:00;SP;116;226.0;GUARULHOS;Não guardar distância de segurança;Colisão traseira;Sem Vítimas;Plena noite;Decrescente;Ceu Claro;Múltipla;Reta;Urbano;2;2